,ISBN13,Title,Author,My Rating,Publisher,Number of Pages,Year Published,Original Publication Year,Date Added,Private Notes,recommended
0,9780465026210,"Gay New York: Gender, Urban Culture, and the Making of the Gay Male World 1890-1940",George Chauncey,4,Basic Books,496.0,1995.0,1994.0,2019-11-01,,False
1,9780525521037,"The Source of Self-Regard: Selected Essays, Speeches, and Meditations",Toni Morrison,2,Knopf Publishing Group,354.0,2019.0,2019.0,2019-06-15,,False
4,9780062906403,Over the Top: A Raw Journey to Self-Love,Jonathan Van Ness,2,HarperAudio,400.0,2019.0,2019.0,2019-10-26,,False
5,9780385542845,Never Enough: The Neuroscience and Experience of Addiction,Judith Grisel,4,Doubleday Books,256.0,2019.0,2019.0,2019-10-25,,False
7,,Hurricanes: A Memoir,Rick  Ross,2,Hanover Square Press,288.0,2019.0,2019.0,2019-10-24,,False
8,9780307477439,Zoobiquity: The Astonishing Connection Between Human and Animal Health,Barbara Natterson-Horowitz,5,Vintage,416.0,2013.0,2012.0,2018-04-27,,True
11,9781250147608,Me,Elton John,3,Henry Holt & Company,352.0,2019.0,2019.0,2019-10-19,,False
13,9781846045097,The Art of Living,Thich Nhat Hanh,5,Rider,224.0,2017.0,2017.0,2019-10-18,,True
14,9781501132735,How We Fight For Our Lives,Saeed Jones,1,Simon and Schuster,192.0,2019.0,2019.0,2019-10-17,,False
15,,Gender and Our Brains: How New Neuroscience Explodes the Myths of the Male and Female Minds,Gina Rippon,4,Pantheon,448.0,2019.0,2019.0,2019-10-17,,False
16,9781405204279,The Te of Piglet,Benjamin Hoff,2,Egmont Childrens Books,257.0,2003.0,1992.0,2018-08-09,philosophy,False
17,9780544086616,The Evil Hours: A Biography of Post-Traumatic Stress Disorder,David J. Morris,3,Eamon Dolan/Houghton Mifflin Harcourt,352.0,2015.0,2015.0,2018-09-12,"sociology, psychology",False
18,9781594487712,Where Good Ideas Come from: The Natural History of Innovation,Steven Johnson,4,Riverhead Books,326.0,2010.0,2010.0,2018-09-17,"history, sociology",False
19,9780195181920,When Languages Die: The Extinction of the World's Languages and the Erosion of Human Knowledge,K. David Harrison,5,"Oxford University Press, USA",304.0,2007.0,2007.0,2018-08-11,"history, sociology, linguistics, current events",False
20,9781592406524,Just My Type: A Book About Fonts,Simon Garfield,3,Gotham,384.0,2011.0,2010.0,2018-09-20,"history, books",False
21,9780192862020,The Crucible of Creation: The Burgess Shale and the Rise of Animals,Simon Conway Morris,2,"Oxford University Press, USA",276.0,2000.0,,2018-08-11,"history, evolution",False
22,9780525949695,This Is Your Brain on Music: The Science of a Human Obsession,Daniel J. Levitin,4,Dutton Adult,314.0,2006.0,2006.0,2018-09-22,"psychology, human biology, music",False
23,9780393076028,Brain Bugs: How the Brain's Flaws Shape Our Lives,Dean Buonomano,4,W. W. Norton & Company,310.0,2011.0,2011.0,2018-09-23,"psychology, sociology, human biology",True
24,9781594201400,Listening Is an Act of Love: A Celebration of American Life from the StoryCorps Project,Dave Isay,3,"Penguin Press HC, The",284.0,2007.0,2007.0,2018-09-24,"memoir, collection",False
25,9781622313884,People We Meet: Unforgettable Conversations,National Public Radio,4,HighBridge Company,3.0,2014.0,2014.0,2018-09-24,"memoir, collection",False
26,9780195175004,The Meaning of Everything: The Story of the Oxford English Dictionary,Simon Winchester,4,"Oxford University Press, USA",288.0,2004.0,2003.0,2018-09-27,"history, books",False
27,9780307263612,Horseshoe Crabs and Velvet Worms: The Story of the Animals and Plants That Time Has Left Behind,Richard Fortey,5,Knopf,332.0,2012.0,2011.0,2018-08-11,"history, evolution",False
28,9781631494406,"How Do We Look: The Body, the Divine, and the Question of Civilization",Mary Beard,4,Liveright,240.0,2018.0,2018.0,2018-06-27,"history, sociology",False
29,9781503604131,Jaws: The Story of a Hidden Epidemic,Sandra Kahn,2,Stanford University Press,216.0,2018.0,2018.0,2018-06-11,human biology,False
30,9780786703821,Scott's Last Expedition: The Journals,Robert Falcon Scott,4,Basic Books,442.0,1996.0,1913.0,2018-10-01,"history, memoir",False
31,9780060936389,Over the Edge of the World: Magellan's Terrifying Circumnavigation of the Globe,Laurence Bergreen,1,William Morrow Paperbacks,438.0,2004.0,2003.0,2018-10-03,"history, biography",False
32,9780060838591,"Krakatoa: The Day the World Exploded: August 27, 1883",Simon Winchester,3,Harper Perennial,464.0,2005.0,2003.0,2018-10-05,"history, environment",False
33,9780525954187,The Organized Mind: Thinking Straight in the Age of Information Overload,Daniel J. Levitin,3,Dutton,528.0,2014.0,2014.0,2018-10-10,"psychology, human biology",False
34,9781101870327,Who We Are and How We Got Here: Ancient DNA and the New Science of the Human Past,David Reich,1,Pantheon Books,335.0,2018.0,2018.0,2018-10-13,"human biology, evolution",True
35,9780316200592,"The Witches: Salem, 1692",Stacy Schiff,1,Back Bay Books,512.0,2016.0,2015.0,2018-10-12,history,False
36,9781984822581,Always Look on the Bright Side of Life: A Sortabiography,Eric Idle,1,Crown Archetype,290.0,2018.0,2018.0,2018-08-17,memoir,False
37,9780446580267,The Geography of Bliss: One Grump's Search for the Happiest Places in the World,Eric    Weiner,3,Twelve,335.0,2008.0,2008.0,2018-10-20,memoir,False
38,9780465002962,The Half Has Never Been Told: Slavery and the Making of American Capitalism,Edward E. Baptist,5,Basic Books,498.0,2014.0,2013.0,2018-10-27,"history, racism, civil rights, current events, politics",True
39,9780670025503,The Brain's Way of Healing: Remarkable Discoveries and Recoveries from the Frontiers of Neuroplasticity,Norman Doidge,2,Viking,409.0,2015.0,2015.0,2018-10-30,"psychology, human biology",False
40,9780374287863,The Disordered Mind: What Unusual Brains Tell Us about Ourselves,Eric R. Kandel,5,"Farrar, Straus and Giroux",304.0,2018.0,2018.0,2018-08-09,"psychology, sociology, human biology<br/>",True
41,,We Should All Be Feminists,Chimamanda Ngozi Adichie,5,Vintage,52.0,2014.0,2014.0,2018-10-30,"memoirs, philosophy, civil rights, current events",True
42,9781524733131,"Dear Ijeawele, or a Feminist Manifesto in Fifteen Suggestions",Chimamanda Ngozi Adichie,5,Knopf Publishing Group,63.0,2017.0,2017.0,2018-10-30,"philosophy, current events, civil rights",False
43,9781902163468,Amazing Rare Things: The Art of Natural History in the Age of Discovery,David Attenborough,2,Yale University Press,223.0,2015.0,2007.0,2019-04-17,"philosophy, environment, history",False
44,9780553447439,Evicted: Poverty and Profit in the American City,Matthew Desmond,4,Crown,418.0,2016.0,2016.0,2019-06-23,"sociology, current events, politics, civil rights",False
45,9781771644013,"Scatterbrain : How the mind's mistakes make humans creative, innovative and successful",Henning Beck,4,Greysrone,336.0,2019.0,,2019-10-13,"psychology, human biology",False
46,9780061774003,Burn This Book: PEN Writers Speak Out on the Power of the Word,Toni Morrison,2,Harper,128.0,2009.0,2009.0,2019-10-14,"philosophy, literature, collection",False
47,9781501716577,Professor at Large: The Cornell Years,John Cleese,3,Cornell University Press,248.0,2018.0,2018.0,2018-08-17,memoir,False
48,9780735221802,The Great Unknown: Seven Journeys to the Frontiers of Science,Marcus du Sautoy,3,Viking,450.0,2017.0,2017.0,2018-11-03,"science, physics, mathematics",False
49,9781430300618,My Stroke of Insight: A Brain Scientist's Personal Journey,Jill Bolte Taylor,4,Lulu.com,188.0,2006.0,2006.0,2018-11-04,"memoir, psychology, human biology",True
50,9780571212927,A Beautiful Mind,Sylvia Nasar,3,Faber  Faber,461.0,2002.0,1998.0,2018-11-10,"biography, mathematics",False
51,,The Order of Time,Carlo Rovelli,4,Penguin,240.0,2018.0,2017.0,2018-11-15,physics,False
52,,Sapiens: A Brief History of Humankind,Yuval Noah Harari,4,Harvill Secker,498.0,2014.0,2011.0,2018-11-15,"human evolution, psychology, sociology",False
53,9781419727726,The Good Neighbor: The Life and Work of Fred Rogers,Maxwell King,2,Harry N. Abrams,416.0,2018.0,2018.0,2018-11-19,biography,False
54,9780393354775,The Undoing Project: A Friendship That Changed Our Minds,Michael   Lewis,2,W. W. Norton  Company,368.0,2017.0,2016.0,2018-11-21,"biography, science",False
55,9780674061439,Religion in Human Evolution: From the Paleolithic to the Axial Age,Robert N. Bellah,3,Belknap Press of Harvard University Press,776.0,2011.0,2011.0,2018-01-21,"psychology, evolution",False
56,9781416551737,Wesley the Owl: The Remarkable Love Story of an Owl and His Girl,Stacey O'Brien,4,Free Press,230.0,2008.0,2008.0,2018-11-23,"memoir, animals, birds",False
57,9780805095159,Being Mortal: Medicine and What Matters in the End,Atul Gawande,4,Metropolitan Books,282.0,2014.0,2014.0,2018-11-24,"sociology, mortality ",False
58,,Tribe: On Homecoming and Belonging,Sebastian Junger,1,Twelve,182.0,2016.0,2016.0,2018-11-24,sociology,False
59,9781631494758,Women & Power: A Manifesto,Mary Beard,4,Liveright,115.0,2017.0,2017.0,2018-11-25,"history, sociology, civil rights",False
60,9781439148181,"The Great Penguin Rescue: 40,000 Penguins, a Devastating Oil Spill, and the Inspiring Story of the World's Largest Animal Rescue",Dyan deNapoli,2,Free Press,320.0,2011.0,2010.0,2018-11-28,"animals, birds, conservation",False
61,9781524763138,Becoming,Michelle Obama,5,Crown,426.0,2018.0,2018.0,2018-11-18,"memoir, racism, civil rights",False
62,9781455568505,The Breakthrough: Immunotherapy and the Race to Cure Cancer,Charles Graeber,2,Twelve,320.0,2018.0,2018.0,2018-12-05,"memoir, human biology",False
63,9780061712616,Hero: The Life and Legend of Lawrence of Arabia,Michael Korda,1,Harper,699.0,2010.0,2010.0,2018-12-08,"biography, history",False
64,9780062652577,The Perfectionists: How Precision Engineers Created the Modern World,Simon Winchester,3,Harper,416.0,2018.0,2018.0,2018-12-09,"history, technology",False
65,9780385347310,"Hardwiring Happiness: The New Brain Science of Contentment, Calm, and Confidence",Rick Hanson,2,Harmony,304.0,2013.0,2013.0,2018-12-11,"psychology, sociology, philosophy",False
66,9780525955221,A Field Guide to Lies: Critical Thinking in the Information Age,Daniel J. Levitin,5,Dutton,292.0,2016.0,2016.0,2018-12-13,"psychology, sociology",True
67,9780374168650,Heart: A History,Sandeep Jauhar,2,"Farrar, Straus and Giroux",269.0,2018.0,2018.0,2018-07-02,"human biology, memoir",False
68,9780812994865,The Reason I Jump: The Inner Voice of a Thirteen-Year-Old Boy with Autism,Naoki Higashida,3,Random House,135.0,2013.0,2005.0,2018-12-15,"memoir, psychology, sociology, civil rights",False
69,9780385520171,Factory Girls: From Village to City in a Changing China ,Leslie T. Chang,3,Spiegel & Grau,420.0,2008.0,2008.0,2018-12-17,"current events, politics, civil rights",False
70,9781101875551,In Other Words,Jhumpa Lahiri,4,Knopf,233.0,2016.0,2015.0,2018-12-18,"memoir, linguistics",False
71,9781476733500,The Gene: An Intimate History,Siddhartha Mukherjee,2,Scribner,592.0,2016.0,2016.0,2018-12-22,"human biology, evolution",False
72,9780062863003,GuRu,RuPaul,2,Dey Street Books,208.0,2018.0,2018.0,2018-12-23,"memoir, LGBTQ",False
73,9781590207208,Drinking Water: A History,James Salzman,3,Harry N. Abrams,320.0,2012.0,2012.0,2018-12-23,"science, history, politics, current events",False
74,,Homo Deus: A History of Tomorrow,Yuval Noah Harari,3,Harper,450.0,2017.0,2015.0,2018-12-24,"human biology, current events, politics",False
75,9780316322409,I Am Malala: The Story of the Girl Who Stood Up for Education and Was Shot by the Taliban,Malala Yousafzai,2,"Little, Brown and Company",327.0,2013.0,2012.0,2018-12-26,"memoir, civl rights",False
76,9781455587971,The Telomere Effect: The New Science of Living Younger,Elizabeth Blackburn,2,Grand Central Publishing,416.0,2017.0,2017.0,2018-12-27,human biology,False
77,9780393052121,Nelson Mandela's Favorite African Folktales,Nelson Mandela,4,W. W. Norton  Company,144.0,2002.0,2002.0,2018-12-27,"culture, fiction",False
78,9780547636450,The Autistic Brain: Thinking Across the Spectrum,Temple Grandin,5,Houghton Mifflin Harcourt,206.0,2013.0,2013.0,2018-12-30,"memoir, animals, psychology, civil rights",True
79,9780767920643,The Art of Happiness in a Troubled World,Dalai Lama XIV,2,Harmony,368.0,2009.0,2008.0,2018-12-31,"philosophy, current events, politics",False
80,9781591845119,The Sports Gene: Inside the Science of Extraordinary Athletic Performance,David   Epstein,2,Current,338.0,2013.0,2013.0,2019-01-01,"human biology, evolution, sports",False
81,,Norse Mythology,Neil Gaiman,3,W. W. Norton & Company,301.0,2018.0,2017.0,2019-01-02,"culture, fiction",False
82,9780062388797,"Reader, Come Home: The Reading Brain in a Digital World",Maryanne Wolf,3,Harper,288.0,2018.0,2018.0,2019-01-05,"psychology, sociology, human biology, books",False
83,9781509830091,The Rise and Fall of the Dinosaurs: The Untold Story of a Lost World,Steve Brusatte,2,Picador,320.0,2019.0,2018.0,2019-01-05,"pre-history, animals",False
84,9780399184499,Wonderland: How Play Made the Modern World,Steven Johnson,2,Riverhead Books,336.0,2017.0,2016.0,2019-01-11,"psychology, sociology",False
85,9781455539741,Hamilton: The Revolution,Lin-Manuel Miranda,5,Grand Central Publishing,285.0,2016.0,2016.0,2019-01-12,"memoir, music, current events, politics, civil rights",True
86,9780676973129,When the Body Says No: The Cost of Hidden Stress,Dr. Gabor Maté,2,Vintage Canada,320.0,2004.0,2003.0,2019-01-12,"psychology, human biology",False
87,9781250054050,What I Know for Sure,Oprah Winfrey,2,Flatiron Books,228.0,2014.0,2014.0,2019-01-13,"memoir, philosophy, civil rights, racism",False
88,9780553802023,The Universe in a Nutshell,Stephen Hawking,2,Bantam,216.0,2001.0,2001.0,2019-01-15,"memoir, physics",False
89,9781101902806,American Wolf,Nate Blakeslee,3,Broadway Books,320.0,2018.0,2017.0,2019-01-15,"animals, conservation, current events, politics",False
90,9780544986831,A Naturalist at Large: The Best Essays of Bernd Heinrich,Bernd Heinrich,3,Houghton Mifflin Harcourt,304.0,2018.0,2018.0,2019-01-18,"memoir, animals, ecosystems, conservation",False
91,9781596914018,"The Art Instinct: Beauty, Pleasure, and Human Evolution",Denis Dutton,5,Bloomsbury Press,278.0,2008.0,2008.0,2018-10-03,"psychology, human biology, evolution",True
92,9780316548182,Long Walk to Freedom,Nelson Mandela,5,Back Bay Books,656.0,1995.0,1994.0,2019-01-24,"memoir, current events, politics, racism, civil rights",False
93,9781594202292,Moonwalking with Einstein: The Art and Science of Remembering Everything,Joshua Foer,2,"Penguin Press HC, The",307.0,2011.0,2011.0,2019-01-26,"psychology, human biology",False
94,,Bookends: Collected Intros and Outros,Michael Chabon,2,Harper Perennial,192.0,2019.0,2019.0,2019-01-29,books,False
95,9781594488849,Drive: The Surprising Truth About What Motivates Us,Daniel H. Pink,2,Riverhead Books,242.0,2009.0,2009.0,2019-01-30,"sociology, psychology",False
96,9780199608447,The Oxford Illustrated History of Witchcraft and Magic,Owen  Davies,2,"Oxford University Press, USA",416.0,2017.0,,2018-05-23,"history, sociology",False
97,,This is Your Brain on Anxiety; What Happens and What Helps,Faith G. Harper,1,,26.0,,,2019-02-03,"psychology, philosophy",False
98,9780553371307,Food of the Gods: The Search for the Original Tree of Knowledge,Terence McKenna,3,Bantam Books (NY et al.),311.0,1993.0,1992.0,2019-02-02,"psychology, human biology",False
99,9781107043626,Metonymy,Jeannette Littlemore,5,Cambridge University Press,240.0,2015.0,2015.0,2018-08-22,linguistics,False
100,9781501139154,Leonardo da Vinci,Walter Isaacson,4,Simon & Schuster,600.0,2017.0,2017.0,2019-02-05,biography,False
101,9780965809818,Monkeys Are Made of Chocolate: Exotic and Unseen Costa Rica,Jack Ewing,2,Pixyjack Press,210.0,2005.0,2003.0,2019-01-02,"memoir, animals, ecosystems, conservation",False
102,9780143034759,Alexander Hamilton,Ron Chernow,3,Penguin Books,818.0,2005.0,2004.0,2019-02-09,biography,False
103,9780062079602,"The Men Who United the States: America's Explorers, Inventors, Eccentrics and Mavericks, and the Creation of One Nation, Indivisible",Simon Winchester,2,Harper,496.0,2013.0,2013.0,2019-02-10,history,False
104,9780071357432,Lost Languages: The Enigma of the World's Undeciphered Scripts,Andrew Robinson,4,McGraw-Hill Companies,352.0,2002.0,2002.0,2018-01-21,"history, linguistics",False
105,9781328787309,The Neuroscientist Who Lost Her Mind: My Tale of Madness and Recovery,Barbara K. Lipska,4,Houghton Mifflin Harcourt,208.0,2018.0,2018.0,2019-02-13,"memoir, psychology, human biology",False
106,9780679724346,Tao Te Ching,Lao Tzu,3,Vintage,160.0,1989.0,-600.0,2019-02-14,philosophy,False
107,9781250135995,Tears We Cannot Stop: A Sermon to White America,Michael Eric Dyson,3,St. Martin's Press,228.0,2017.0,2017.0,2019-02-16,"memoir, politics, current events, racism",False
108,,"Popol Vuh: The Sacred Book of the Maya: The Great Classic of Central American Spirituality,",Allen J. Christenson,3,,328.0,2015.0,2015.0,2019-02-01,"history, culture, fiction",False
109,9781101980415,How to Disappear: Notes on Invisibility in a Time of Transparency,Akiko Busch,4,Penguin Press,224.0,2019.0,,2019-02-17,"philosophy, sociology",False
110,9780226065120,Bats: A World of Science and Mystery,Melville Brockett Fenton,5,University of Chicago Press,240.0,2015.0,2014.0,2018-08-22,"animals, ecology",False
111,9781405160223,Making Up the Mind: How the Brain Creates Our Mental World,Chris Frith,4,Wiley-Blackwell,246.0,2007.0,2007.0,2018-02-24,"psychology, human biology",False
112,9781901768718,Classic Irish Short Stories,T.P. McKenna,1,CSA WORD,,2002.0,1996.0,2019-02-22,fiction,False
113,9781984823939,Queer Eye: Love Yourself. Love Your Life.,Antoni Porowski,2,Potter/Ten,256.0,2018.0,2018.0,2019-02-24,"memoir, LGBTQ",False
114,9781250134189,The Seabird's Cry: The Lives and Loves of the Planet's Great Ocean Voyagers,Adam Nicolson,2,Henry Holt & Company,416.0,2018.0,2017.0,2019-02-23,"animals, birds",False
115,9780062866479,A Call for Revolution: A Vision for the Future,Dalai Lama XIV,3,William Morrow,128.0,2018.0,2018.0,2019-02-24,"philosophy, current events, politics",False
116,9781610394376,The Biology of Desire: Why Addiction Is Not a Disease,Marc  Lewis,4,PublicAffairs,256.0,2015.0,2015.0,2019-02-28,"psychology, human biology",True
117,9780525512172,21 Lessons for the 21st Century,Yuval Noah Harari,4,Spiegel & Grau,372.0,2018.0,2018.0,2019-03-01,"history, sociology, current events, politics",False
118,9781501181245,Influenza: The Hundred-Year Hunt to Cure the Deadliest Disease in History,Jeremy   Brown,3,Atria Books,272.0,2018.0,2018.0,2019-03-02,"human health, history",False
119,9780062218360,Think Like a Freak,Steven D. Levitt,3,William Morrow,304.0,2014.0,2014.0,2019-03-03,"psychology, sociology",False
120,9781594205248,The Power Paradox: How We Gain and Lose Influence,Dacher Keltner,3,Penguin Press,208.0,2016.0,2016.0,2019-03-03,"sociology, psychology",False
121,,"Gmorning, Gnight!: Little Pep Talks for Me & You",Lin-Manuel Miranda,5,Random House,224.0,2018.0,2018.0,2019-03-03,philosophy,False
122,9780062651228,Dollars and Sense: How We Misthink Money and How to Spend Smarter,Dan Ariely,4,Harper,288.0,2017.0,2017.0,2019-03-09,"psychology, sociology",False
123,9781107023963,Chopsticks: A Cultural and Culinary History,Q. Edward Wang,5,Cambridge University Press,210.0,2015.0,2014.0,2018-08-22,"history, culture, sociology",False
124,9781594632969,How We Got to Now: Six Innovations That Made the Modern World,Steven Johnson,3,Riverhead Books,293.0,2014.0,2014.0,2019-03-14,"history, technology",False
125,9780786706211,Endurance: Shackleton's Incredible Voyage,Alfred Lansing,2,Carroll & Graf Publishers,282.0,1959.0,1959.0,2019-03-17,"history, sociology",False
126,9780375424434,The Architecture of Happiness,Alain de Botton,2,Pantheon Books,280.0,2006.0,2006.0,2019-03-21,"philosophy, architecture",False
127,9780060921705,"Barracoon: The Story of the Last ""Black Cargo""",Zora Neale Hurston,3,HarperCollins Publishers,193.0,2018.0,2018.0,2019-03-25,"memoir, racism, history",False
128,9780996934701,This Chair Rocks: A Manifesto Against Ageism,Ashton Applewhite,3,"Networked Books, Inc.",288.0,2016.0,2016.0,2019-03-25,"civil rights, sociology",False
129,9780714834528,A History of Illuminated Manuscripts,Christopher de Hamel,4,Phaidon Press,272.0,1997.0,1986.0,2018-01-04,"history, books",False
130,9780307706102,The Collected Stories of Winnie-The-Pooh,A.A. Milne,5,Listening Library,4.0,2009.0,2009.0,2019-04-02,fiction,False
131,,"Love, Life, and Elephants: An African Love Story",Daphne Sheldrick,3,"Farrar, Straus and Giroux",353.0,2012.0,2011.0,2019-04-19,"memoir, animals, conservation, history",False
132,9781453744512,The Complete Works of Edgar Allan Poe,Edgar Allan Poe,2,CreateSpace,236.0,2010.0,1846.0,2019-04-22,fiction,False
133,9780520254374,Sand: The Never-Ending Story,Michael Welland,4,University of California Press,360.0,2009.0,2008.0,2019-04-22,"science, geology",False
134,9781846045783,The Weather Detective: Rediscovering Nature’s Secret Signs,Peter Wohlleben,2,Rider,176.0,2018.0,2012.0,2019-04-22,"science, weather",False
135,9780670024810,The World Until Yesterday: What Can We Learn from Traditional Societies?,Jared Diamond,4,Viking,512.0,2012.0,2012.0,2019-04-27,"sociology, human biology, evolution",False
136,9781982111977,"Karamo: My Story of Embracing Purpose, Healing, and Hope",Karamo Brown,2,Gallery Books,289.0,2019.0,2019.0,2019-04-28,"memoir, racism, LGBTQ",False
137,9781101984598,"She Has Her Mother's Laugh: The Powers, Perversions, and Potential of Heredity",Carl Zimmer,2,Dutton,657.0,2018.0,2018.0,2019-04-30,human biology,False
138,9781546083443,Trailblazer: A Pioneering Journalist's Fight to Make the Media Look More Like America,Dorothy Butler Gilliam,4,Center Street,368.0,2019.0,2019.0,2019-05-01,"memoir, history, racism, civil rights",False
139,9781594488214,Farsighted: How We Make the Decisions That Matter the Most,Steven Johnson,4,Riverhead,256.0,2018.0,2018.0,2019-05-03,"psychology, sociology",False
140,9780061759536,The Invention of Science: A New History of the Scientific Revolution,David Wootton,2,Harper Perennial,784.0,2016.0,2015.0,2018-11-18,"history, science",False
141,9780262028707,Principles of Neural Design,Peter Sterling,5,Mit Press,568.0,2015.0,2015.0,2018-11-30,"psychology, biology, evolution",False
142,9780062429179,Awkward: The Science of Why We're Socially Awkward and Why That's Awesome,Ty Tashiro,4,William Morrow,288.0,2017.0,2017.0,2019-05-11,"psychology, sociology",False
143,9781518985805,"The Inner Life of Animals: Love, Grief, and Compassion: Surprising Observations of a Hidden World",Peter Wohlleben,4,Novel Audio,,2017.0,2016.0,2019-05-12,"animals, conciousness",False
144,9781681773308,"Mask of the Sun: The Science, History and Forgotten Lore of Eclipses",John Dvorak,3,Pegasus Books,312.0,2017.0,,2019-05-11,"astronomy, history",False
145,,"Biased: Uncovering the Hidden Prejudice That Shapes What We See, Think, and Do",Jennifer L. Eberhardt,4,Viking,350.0,2019.0,2019.0,2019-05-15,"psychology, sociology, current events, politics, racism, civil rights",False
146,9781250313577,The Moment of Lift: How Empowering Women Changes the World,Melinda Gates,5,Flatiron Books,273.0,2019.0,2019.0,2019-01-26,"sociology, current events, politics, civil rights",False
147,9780316647977,The Illustrated Virago Book of Women Travellers,Mary Morris,3,"Little, Brown Book Group",246.0,2000.0,1994.0,2019-05-11,"memoir, collection, history",False
148,9780062470164,How Dare the Sun Rise: Memoirs of a War Child,Sandra Uwiringiyimana,4,Katherine Tegen Books,304.0,2017.0,2017.0,2019-05-19,"memoir, civil rights, immigration, survival",False
149,9781783524075,How to be a Craftivist: The Art of Gentle Protest,Sarah Corbett,1,Unbound,320.0,2017.0,,2019-05-11,"politics, current events",False
150,9781476749044,"Pets on the Couch: Neurotic Dogs, Compulsive Cats, Anxious Birds, and the New Science of Animal Psychiatry",Nicholas Dodman,4,Atria Books,304.0,2016.0,,2019-05-24,"animals, consciousness",False
151,9780062413505,Not That Bad: Dispatches from Rape Culture,Roxane Gay,4,Harper Perennial,368.0,2018.0,2018.0,2019-05-24,"memoir, collection, rape, sociology",False
152,9780735210622,When: The Scientific Secrets of Perfect Timing,Daniel H. Pink,4,Riverhead Books,272.0,2018.0,2018.0,2019-05-25,"psychology, sociology",False
153,9780393635065,Mama's Last Hug: Animal Emotions and What They Tell Us about Ourselves,Frans de Waal,5,W. W. Norton & Company,336.0,2019.0,2018.0,2018-10-22,"animals, consciousness",True
154,9781580056779,So You Want to Talk About Race,Ijeoma Oluo,5,Seal Press,248.0,2018.0,2018.0,2019-05-30,"sociology, racism",True
155,9781594205071,Behave: The Biology of Humans at Our Best and Worst,Robert M. Sapolsky,4,Penguin Press,790.0,2017.0,2017.0,2019-05-31,"sociology, psychology",False
156,9780345412225,Comet,Carl Sagan,3,Ballantine Books,432.0,1997.0,1985.0,2019-06-01,astronomy,False
157,9780807835548,Help Me to Find My People: The African American Search for Family Lost in Slavery,Heather Andrea Williams,4,University of North Carolina Press,264.0,2012.0,2012.0,2019-06-04,"history, sociology, racism, civil rights<br/>",False
158,9781627794947,The Song Poet: A Memoir of My Father,Kao Kalia Yang,4,Metropolitan Books,288.0,2016.0,2016.0,2019-05-19,"memoir, history, immigration, heritage",False
159,9780316348409,Shrill: Notes from a Loud Woman,Lindy West,2,Hachette,260.0,2016.0,2016.0,2019-06-05,"memoir, sociology, discrimination",False
160,9780544416031,Fastest Things on Wings: Rescuing Hummingbirds in Hollywood,Terry Masear,5,Houghton Mifflin Harcourt,320.0,2015.0,2015.0,2019-06-08,"animals, birds, conservation, memoir",False
161,9781559394789,Where Buddhism Meets Neuroscience: Conversations with the Dalai Lama on the Spiritual and Scientific Views of Our Minds,Dalai Lama XIV,2,Shambhala,216.0,2018.0,2018.0,2019-06-12,"philosophy, psychology",False
162,9781250057198,Why You Like It: The Science and Culture of Musical Taste,Nolan Gasser,5,Flatiron Books,720.0,2019.0,,2018-12-13,"music, psychology, sociology, current events<br/>",False
163,9780860917885,"I, Rigoberta Menchú: An Indian Woman in Guatemala",Rigoberta Menchú,4,Verso,252.0,1985.0,1983.0,2019-06-18,"memoir, civil rights, history, politics, current events",False
164,9781476776620,The Tangled Tree: A Radical New History of Life,David Quammen,2,Simon  Schuster,480.0,2018.0,2018.0,2019-04-17,evolution,False
165,9780807071168,White Fragility: Why It’s So Hard for White People to Talk About Racism,Robin DiAngelo,5,Beacon Press,,2018.0,2018.0,2019-06-21,"sociology, psychology, racism, civil rights, politics, current events",True
166,9781904871118,The Secret Life of Cows,Rosamund Young,3,Good Life Press,136.0,2005.0,2003.0,2019-06-25,"animals, memoir",False
167,9780691166766,The Lives of Bees: The Untold Story of the Honey Bee in the Wild,Thomas D. Seeley,3,Princeton University Press,376.0,2019.0,,2019-06-28,"animals, bees",False
168,,Real Queer America: LGBT Stories from Red States,Samantha  Allen,3,"Little, Brown and Company",321.0,2019.0,2019.0,2019-06-29,"memoir, LGBTQ",False
169,9780805078916,Voyage of the Turtle: In Pursuit of the Earth's Last Dinosaur,Carl Safina,3,Henry Holt and Co.,400.0,2006.0,2006.0,2019-06-18,"animals, conservation",False
170,9780316098304,"How Music Works: The Science and Psychology of Beautiful Sounds, from Beethoven to the Beatles and Beyond",John        Powell,4,"Little, Brown and Company",272.0,2010.0,2010.0,2018-08-11,"music, psychology<br/>",False
171,9781594205170,Ties That Bind: Stories of Love and Gratitude from the First Ten Years of StoryCorps,Dave Isay,3,Penguin Press,224.0,2013.0,2013.0,2019-07-01,"memoir, collection",False
172,9781400068920,Decoded,Jay-Z,5,Spiegel & Grau,317.0,2010.0,2009.0,2019-07-03,"memoir, racism, music, current events, politics",True
173,9780008288150,"The Creativity Code: How AI Is Learning to Write, Paint and Think",Marcus du Sautoy,4,4th Estate - GB,336.0,2019.0,,2019-07-03,"psychology, technology ",False
174,9781568585284,"Invisible Man, Got the Whole World Watching: A Young Black Man's Education",Mychal Denzel Smith,4,Bold Type Books,224.0,2016.0,2016.0,2019-07-04,"memoir, racism, sociology, human rights, current events, politics<br/>",True
175,9780300223248,The Craving Mind: From Cigarettes to Smartphones to Love – Why We Get Hooked and How We Can Break Bad Habits,Judson Brewer,5,Yale University Press,256.0,2017.0,2007.0,2019-07-07,"psychology, sociology",True
176,9780198565871,"Otters: Ecology, Behaviour and Conservation",Hans Kruuk,3,"Oxford University Press, USA",265.0,2006.0,2006.0,2019-07-12,"animals, ecology",False
177,9780738206790,Tales From The Underground: A Natural History Of Subterranean Life,David W. Wolfe,5,Basic Books,240.0,2002.0,2001.0,2019-06-18,"environment, ecosystems",False
178,9781416590316,Frederick Douglass: Prophet of Freedom,David W. Blight,3,Simon & Schuster,912.0,2018.0,2018.0,2019-07-13,"biography, history, racism ",False
179,9781508235408,Why Buddhism is True: The Science and Philosophy of Meditation and Enlightenment,Robert Wright,4,Simon  Schuster Audio,336.0,2017.0,2017.0,2019-07-15,"philosophy, psychology",False
180,9781603582148,"Chanterelle Dreams, Amanita Nightmares: The Love, Lore, and Mystique of Mushrooms",Greg Marley,2,Chelsea Green Publishing Company,263.0,2010.0,2010.0,2019-06-18,"plants, mushrooms",False
181,9780060899226,Kitchen Confidential: Adventures in the Culinary Underbelly,Anthony Bourdain,1,Ecco/Harper Perennial,312.0,2007.0,2000.0,2019-07-17,memoir,False
182,9780465052615,Buzz: The Nature and Necessity of Bees,Thor Hanson,4,Basic Books,304.0,2018.0,,2019-06-18,"animals, bees",False
183,,An Elegant Defense: The Extraordinary New Science of the Immune System: A Tale in Four Lives,Matt Richtel,1,William Morrow,448.0,2019.0,2019.0,2019-07-19,human biology,False
184,9780297869870,"Do No Harm: Stories of Life, Death and Brain Surgery",Henry Marsh,1,Weidenfeld & Nicolson,278.0,2014.0,2014.0,2019-07-20,memoir,False
185,9780385542708,The Big Ones: How Natural Disasters Have Shaped Us and What We Can Do about Them,Lucy    Jones,2,Doubleday Books,256.0,2018.0,2018.0,2019-07-21,"environment, ecosystems, politics",False
186,9780345811387,Everything in Its Place: First Loves and Last Tales,Oliver Sacks,3,Knopf Canada,288.0,2019.0,2019.0,2019-07-22,memoir,False
187,9781771643887,"The Secret Wisdom of Nature: Trees, Animals, and the Extraordinary Balance of All Living Things ― Stories from Science and Observation",Peter Wohlleben,3,Greystone Books,272.0,2019.0,2017.0,2019-07-23,"animals, environment, conservation",False
188,9780807014370,"Reimagining Equality: Stories of Gender, Race, and Finding Home",Anita Hill,3,Beacon Press,224.0,2011.0,2011.0,2019-07-24,"memoir, racism , civil rights",False
189,9780520970625,Lives in Transit: Violence and Intimacy on the Migrant Journey,Wendy A Vogt,5,University of California Press,272.0,2018.0,,2019-07-28,"human rights, current events, politics",False
190,,Nothing to Envy: Ordinary Lives in North Korea,Barbara Demick,2,Spiegel & Grau,338.0,2009.0,2009.0,2019-07-27,"history, current events, politics",False
191,9781921351433,Dreams from My Father: A Story of Race and Inheritance,Barack Obama,3,New York: Three Rivers Press,453.0,2004.0,1995.0,2019-07-30,"memoir, sociology, racism ",False
192,9781912408061,What We Talk About When We Talk about Rape,Sohaila Abdulali,4,Myriad Editions,265.0,2019.0,2018.0,2019-07-31,"memoir, sociology, rape ",False
193,9781558851177,Chicano Discourse: Socio-Historic Perspectives,Rosaura Sánchez,2,Arte Publico Press,184.0,1994.0,1983.0,2019-08-03,"sociology, linguistics, civil rights",False
194,9780374227760,"Other Minds: The Octopus, the Sea, and the Deep Origins of Consciousness",Peter Godfrey-Smith,4,"Farrar, Straus and Giroux",257.0,2016.0,2016.0,2019-08-04,"animals, consciousness",False
195,9780385687003,The Girl Who Smiled Beads: A Story of War and What Comes After,Clemantine Wamariya,3,Doubleday Canada,275.0,2018.0,2018.0,2019-05-19,"memoir, human rights, immigration",False
196,,The Laws of Human Nature,Robert Greene,3,Viking,624.0,2018.0,2018.0,2019-08-08,"sociology, psychology",False
197,9780679460268,The Dancing Mind,Toni Morrison,3,Random House Audio,0.0,1996.0,1996.0,2019-08-08,memoir,False
198,9780307407047,"Gold Rush in the Jungle: The Race to Discover and Defend the Rarest Animals of Vietnam's ""Lost World""",Dan Drollette,2,Crown,336.0,2013.0,2013.0,2019-08-12,"environment, conservation, politics, current events",False
199,9780300180282,"Arabs: A 3,000-Year History of Peoples, Tribes and Empires",Tim Mackintosh-Smith,1,Yale University Press,630.0,2019.0,,2019-08-17,"history, sociology, politics",False
200,9780465028023,The Happiness Hypothesis: Finding Modern Truth in Ancient Wisdom,Jonathan Haidt,4,Basic Books,297.0,2006.0,2005.0,2019-08-18,"psychology, philosophy",False
201,,Because Internet: Understanding the New Rules of Language,Gretchen McCulloch,4,Riverhead Books,336.0,2019.0,2019.0,2019-08-20,"sociology, technology ",False
202,9781478992813,Haben: The Deafblind Woman Who Conquered Harvard Law,Haben Girma,3,Twelve,,2019.0,2019.0,2019-08-23,"memoir, human rights",False
203,9780520298859,Coral Whisperers: Scientists on the Brink,Irus Braverman,1,University of California Press,344.0,2018.0,,2019-08-24,"science, conservation, current events, politics<br/>",False
204,9781541430020,The Breath of a Whale: The Science and Spirit of Pacific Ocean Giants,Leigh Calvez,2,Tantor Audio,,2019.0,,2019-08-25,"animals, memoir, conservation",False
205,9780544432932,"Slime: How Algae Created Us, Plague Us, and Just Might Save Us",Ruth Kassinger,2,Houghton Mifflin Harcourt,320.0,2019.0,,2019-08-26,"science, technology, ecosystems",False
206,9780374500016,"Night (The Night Trilogy, #1)",Elie Wiesel,4,Hill & Wang,115.0,2006.0,1958.0,2019-08-27,"memoir, war, survival, mortality ",False
207,9781564557988,"The Art of Mindful Living: How to Bring Love, Compassion, and Inner Peace Into Your Daily Life",Thich Nhat Hanh,5,Sounds True,0.0,2000.0,1991.0,2019-08-29,philosophy,True
208,9780670022755,The Beginning of Infinity: Explanations That Transform the World,David Deutsch,3,Viking,487.0,2011.0,2011.0,2019-08-31,"physics, philosophy",False
209,9780743455961,On Writing: A Memoir of the Craft,Stephen King,1,Pocket Books,320.0,2002.0,2000.0,2019-09-03,"memoir, books",False
210,9780525533986,The Sixth Man,Andre Iguodala,4,Blue Rider Press,256.0,2019.0,,2019-09-05,"memoir, racism, sports, current events",False
211,9780735235939,I'm Afraid of Men,Vivek Shraya,1,Penguin Books Canada,96.0,2018.0,2018.0,2019-09-06,"memoir, LGBTQ",False
212,,The Autobiography of Malcolm X,Malcolm X,5,Ballantine Books,466.0,,1965.0,2019-09-08,"history, memoir, racism ",True
213,9780062005816,Peace Is Every Breath: A Practice for Our Busy Lives,Thich Nhat Hanh,4,HarperOne,160.0,2011.0,2011.0,2019-09-10,philosophy,False
214,9780316382939,"A Moonless, Starless Sky: Ordinary Women and Men Fighting Extremism in Africa",Alexis Okeowo,2,Hachette Books,240.0,2017.0,2017.0,2019-09-11,"current events, human rights, politics",False
215,9780316478526,Talking to Strangers: What We Should Know about the People We Don't Know,Malcolm Gladwell,2,"Little, Brown and Company",388.0,2019.0,2019.0,2019-08-31,"sociology, psychology",False
216,9780553351392,Peace Is Every Step: The Path of Mindfulness in Everyday Life,Thich Nhat Hanh,4,Bantam,160.0,1992.0,1990.0,2019-09-14,philosophy,False
217,9780807012390,The Miracle of Mindfulness: An Introduction to the Practice of Meditation,Thich Nhat Hanh,3,Beacon Press,140.0,1999.0,1975.0,2019-09-14,philosophy,False
218,9780553804911,Emotional Intelligence: Why It Can Matter More Than IQ,Daniel Goleman,2,Bantam,384.0,2006.0,1995.0,2019-09-17,"sociology, psychology",False
219,9781591792383,Getting Unstuck: Breaking Your Habitual Patterns & Encountering Naked Reality,Pema Chödrön,2,Sounds True,3.0,2005.0,2004.0,2019-09-18,philosophy,False
220,,The Souls of Black Folk,W.E.B. Du Bois,2,,,2018.0,,2019-09-20,"history, racism ",False
221,9780525510512,Dapper Dan: Made in Harlem,Daniel R. Day,2,Random House,304.0,2019.0,,2019-09-21,"memoir, racism, history",False
222,9780307594037,The End of Your Life Book Club,Will Schwalbe,2,Knopf,336.0,2012.0,2012.0,2019-09-22,"memoir, books, mortality",False
223,9780465060894,How to Listen to Jazz,Ted Gioia,3,Basic Books,272.0,2016.0,2016.0,2019-09-24,music,False
224,9781843915591,Suffragette: My Own Story,Emmeline Pankhurst,4,Hesperus Classics,336.0,2015.0,1914.0,2019-09-25,"history, sociology, civil rights, gender inequality",False
225,9780743255066,The Autobiography of Benjamin Franklin,Benjamin Franklin,2,Touchstone,160.0,2004.0,1791.0,2019-09-08,"memoir, politics, physics<br/>",False
226,9780062224682,The Art of Communicating,Thich Nhat Hanh,5,HarperOne,176.0,2013.0,2013.0,2019-09-27,"sociology, philosophy",False
227,9780688056230,Heaven's Breath: A Natural History of the Wind,Lyall Watson,1,William Morrow & Company,384.0,1985.0,1984.0,2019-09-28,"science, sociology, philosophy<br/>",False
228,9780999745489,Speech Police: The Global Struggle to Govern the Internet,David Kaye,5,Columbia Global Reports,144.0,2019.0,,2019-10-02,"sociology, technology, current events, human rights",True
229,9780195146172,A Sand County Almanac,Aldo Leopold,4,"Oxford University Press, USA",192.0,2001.0,,2019-10-03,"memoir, animals, environment, ecosystems",False
230,,"What Truth Sounds Like: Robert F. Kennedy, James Baldwin, and Our Unfinished Conversation About Race in America",Michael Eric Dyson,2,St. Martin's Press,306.0,2018.0,2018.0,2019-10-04,"sociology, current events, racism ",False
231,9781443455930,The Ravenmaster: My Life with the Ravens at the Tower of London,Christopher Skaife,3,HarperCollins Publishers,256.0,2018.0,2018.0,2019-10-05,"memoir, animals, birds",False
232,9781610396950,The Snow Leopard Project: And Other Adventures in Warzone Conservation,Alex Dehgan,3,PublicAffairs,288.0,2019.0,2019.0,2019-10-06,"memoir, animals, ecosystems",False
233,9780553394894,A Force for Good: The Dalai Lama's Vision for Our World,Daniel Goleman,5,Bantam,272.0,2015.0,2015.0,2019-10-07,"sociology, philosophy",False
234,9780143123095,"Joy, Guilt, Anger, Love: What Neuroscience Can--and Can't--Tell Us About How We Feel",Giovanni Frazzetto,2,Penguin Books,320.0,2014.0,2014.0,2019-10-10,"psychology, sociology",False
235,9781250212849,"Permission to Feel: Unlocking the Power of Emotions to Help Our Kids, Ourselves, and Our Society Thrive",Marc Brackett,2,Celadon Books,304.0,2019.0,,2019-06-28,"psychology, sociology",False
236,9780451529558,"Notes from Underground, White Nights, The Dream of a Ridiculous Man, and Selections from The House of the Dead",Fyodor Dostoyevsky,1,Signet,233.0,2004.0,1864.0,2018-02-17,fiction,False
237,9780312311339,McCarthy's Bar: A Journey of Discovery in Ireland,Pete McCarthy,1,St. Martin's Griffin,338.0,2003.0,1999.0,2018-11-18,memoir,False
238,9781599869940,My Inventions,Nikola Tesla,2,"Filiquarian Publishing, LLC.",88.0,2006.0,1919.0,2019-09-15,"memoir, physics<br/>",False
239,9781250211071,Naturally Tan,Tan France,2,MacMillan Audio,,2019.0,2019.0,2019-01-15,"memoir, LGBTQ",False
240,9781760555382,No Friend But the Mountains: Writing from Manus Prison,Behrouz Boochani,4,Picador Australia,416.0,2018.0,,2019-10-12,"sociology, current events, immigration, human rights<br/>",False
241,9781948226424,The Ungrateful Refugee,Dina Nayeri,0,Catapult,368.0,2019.0,2019.0,2019-10-02,,False
242,9781938340727,The Path of the Puma: The Mountain Lion's Survival in the Shadow of Decline,Jim Williams,1,Patagonia,312.0,2018.0,,2019-07-25,,False
243,,Underground: A Human History of the Worlds Beneath Our Feet,Will Hunt,1,Spiegel & Grau,288.0,2019.0,2019.0,2019-05-02,,False
244,9780525632290,Calling All Minds: How to Think and Create Like an Inventor,Temple Grandin,2,Listening Library,,2018.0,2018.0,2018-09-07,,False
245,9780735214200,There Will Be No Miracles Here: A Memoir,Casey Gerald,0,Riverhead Books,394.0,2018.0,2018.0,2019-08-29,,False
246,9781408878484,The Wonderful Mr Willughby: The First True Ornithologist,Tim Birkhead,1,Bloomsbury Publishing,368.0,2018.0,,2018-09-07,,False
247,9780399590566,We Were Eight Years in Power: An American Tragedy,Ta-Nehisi Coates,1,One World,367.0,2017.0,2017.0,2018-08-19,,False
248,9780316154727,Theft by Finding: Diaries 1977-2002,David Sedaris,1,"Little, Brown and Company",514.0,2017.0,2015.0,2018-09-18,,False
249,,No Visible Bruises: What We Don’t Know About Domestic Violence Can Kill Us,Rachel Louise Snyder,1,Bloomsbury,320.0,2019.0,2019.0,2019-06-02,,False
250,,"The Truth About Animals: Stoned Sloths, Lovelorn Hippos, and Other Tales from the Wild Side of Wildlife",Lucy Cooke,1,Basic Books,352.0,2018.0,2017.0,2018-08-06,,False
251,9781472915115,Immune: How Your Body Defends and Protects You,Catherine Carver,1,Bloomsbury Sigma,304.0,2017.0,,2019-08-10,,False
252,,Caesar's Last Breath: The Epic Story of The Air Around Us,Sam Kean,1,Transworld Digital,332.0,2017.0,2017.0,2018-08-18,,False
253,9780374288211,What a Fish Knows: The Inner Lives of Our Underwater Cousins,Jonathan Balcombe,1,"Scientific American / Farrar, Straus and Giroux",304.0,2016.0,2016.0,2018-08-06,,False
254,9781471159473,"The Phantom Atlas: The Greatest Myths, Lies and Blunders on Maps",Edward Brooke-Hitching,2,Simon & Schuster UK,256.0,2016.0,2016.0,2019-01-10,,False
255,9781451697711,The Soul of an Octopus: A Surprising Exploration Into the Wonder of Consciousness,Sy Montgomery,0,Atria Books,261.0,2015.0,2015.0,2019-10-07,,False
256,9780316269964,The Kingdom of Speech,Tom Wolfe,1,"Little, Brown and Company",304.0,2016.0,2016.0,2019-09-08,,False
257,9780393353709,Paper: Paging Through History,Mark Kurlansky,1,W. W. Norton  Company,416.0,2017.0,2016.0,2019-02-14,,False
258,9781101870150,The Fly Trap,Fredrik Sjöberg,1,Pantheon,288.0,2015.0,2004.0,2019-07-29,,False
259,9780307955630,Full Body Burden: Growing Up in the Nuclear Shadow of Rocky Flats,Kristen Iversen,1,Crown,416.0,2012.0,2012.0,2018-08-02,,False
260,9781596980556,10 Books That Screwed Up the World: And 5 Others That Didn't Help,Benjamin Wiker,1,Regnery Publishing,260.0,2008.0,2008.0,2018-10-10,,False
261,9781466457294,Saint Charles Borromeo a Sketch of the Reforming Cardinal,Louise M. Stacpoole-Kenny,1,Createspace,282.0,2011.0,1911.0,2018-05-02,,False
262,9781590481530,"Journeys in Persia and Kurdistan, Volume Two",Isabella Lucy Bird,1,Long Riders' Guild Press,432.0,2004.0,2006.0,2018-08-06,,False
263,9780060887421,The Oysters of Locmariaquer,Eleanor   Clark,1,Harper Perennial Modern Classics,240.0,2006.0,1964.0,2019-08-06,,False
264,9780140434316,Pictures from Italy,Charles Dickens,1,Penguin Classics,220.0,1998.0,1846.0,2018-04-14,,False
265,9780072434170,Pilgrim at Tinker Creek,Annie Dillard,2,Harper Perennial,288.0,2000.0,1974.0,2018-03-15,,False
266,9780802826879,The Archaeology of Qumran and the Dead Sea Scrolls,Jodi Magness,2,Eerdmans,238.0,2003.0,2002.0,2018-03-28,,False
267,9780375760396,The Botany of Desire: A Plant's-Eye View of the World,Michael Pollan,1,Random House Trade Paperbacks,297.0,2002.0,2001.0,2018-08-11,,False
268,9780684833323,The Moral Sense,James Q. Wilson,1,Free Press,336.0,1997.0,2008.0,2018-09-07,,False
269,9780198788911,The Extended Phenotype: The Long Reach of the Gene,Richard Dawkins,2,"Oxford University Press, USA",468.0,2016.0,1982.0,2018-04-25,,False
275,9781985586093,Fairy and Folk Tales of the Irish Peasantry,W.B. Yeats,3,Createspace Independent Publishing Platform,218.0,2018.0,1888.0,2018-11-18,,False
276,9780307401960,Fields of Blood: Religion and the History of Violence,Karen Armstrong,2,Knopf Canada,528.0,2014.0,2014.0,2019-10-01,,False
284,9780735235793,The Mosquito: A Human History of Our Deadliest Predator,Timothy C. Winegard,1,Allen Lane,496.0,2019.0,2019.0,2019-09-10,,False
335,9781577314806,The Power of Now: A Guide to Spiritual Enlightenment,Eckhart Tolle,3,New World Library,229.0,2004.0,1997.0,2019-06-25,,False
354,9781524761479,"Tomorrow Will Be Different: Love, Loss, and the Fight for Trans Equality",Sarah McBride,4,Crown Archetype,272.0,2018.0,2018.0,2019-06-06,,False
366,,Steep Trails - John Muir [ 25Th Anniversary & Unabridged Classic - Penguin Classics ] (ANNOTATED),John Muir,4,,227.0,2018.0,1918.0,2018-11-18,,False
367,9780865471184,West with the Night,Beryl Markham,4,North Point Press,294.0,1983.0,1942.0,2018-11-18,,False
368,9780283070877,The Elephant Whisperer,Lawrence Anthony,5,Sidgwick & Jackson Ltd,368.0,2009.0,2009.0,2018-01-03,,True
404,9780393351453,Library: An Unquiet History,Matthew Battles,5,W. W. Norton  Company,272.0,2015.0,2003.0,2018-01-21,,False
405,9780948462283,Image on the Edge: The Margins of Medieval Art,Michael Camille,1,Reaktion Books,176.0,2004.0,1992.0,2018-01-09,,False
412,,Monkeys Are Made Of Chocolate: Exotic And Unseen Costa Rica,Jack Ewing,0,,210.0,,2003.0,2018-12-23,,False
422,9781535339957,"The Englishwoman in America (1856), by Isabella Bird (Original Version): Isabella Lucy Bird",Isabella Lucy Bird,4,Createspace Independent Publishing Platform,194.0,2016.0,1856.0,2018-05-12,,False
423,9780674032996,Mothers and Others: The Evolutionary Origins of Mutual Understanding,Sarah Blaffer Hrdy,4,Harvard University Press,394.0,2009.0,2009.0,2018-01-03,,False
424,9780226470528,Nature's Palette: The Science of Plant Color,David     Lee,3,University of Chicago Press,432.0,2007.0,2007.0,2018-04-20,,False
425,9781416583400,"Inside of a Dog: What Dogs See, Smell, and Know",Alexandra Horowitz,4,Scribner,353.0,2009.0,2009.0,2018-04-20,,False
430,9780062846822,"The Mind-Gut Connection: How the Hidden Conversation Within Our Bodies Impacts Our Mood, Our Choices, and Our Overall Health",Emeran Mayer,5,Harper Wave,336.0,2018.0,2015.0,2018-11-18,,False
431,9781932887341,"Consolations: The Solace, Nourishment and Underlying Meaning of Everyday Words",David Whyte,1,Many Rivers Press,245.0,2014.0,2014.0,2018-11-18,,False
432,9780691169293,The Age of the Vikings,Anders Winroth,4,Princeton University Press,328.0,2016.0,2014.0,2018-11-18,,False
433,9781522662044,The Race for Paradise: An Islamic History of the Crusades,Paul M. Cobb,4,Audible Studios on Brilliance Audio,,2016.0,2014.0,2018-11-18,,False
434,9780199978601,The Silk Road: A New History,Valerie  Hansen,4,Not Avail,337.0,2014.0,2011.0,2018-11-18,,False
435,9781298062093,A Woman Who Went to Alaska - Scholar's Choice Edition,May Kellogg Sullivan,3,Scholar's Choice,286.0,2015.0,1902.0,2018-11-18,,False
436,9780199292233,The Evolution of Plants,Kathy Willis,5,"Oxford University Press, USA",425.0,2014.0,2013.0,2018-11-18,,False
437,9780230107595,The Secret World of Sleep: the Surprising Science of the Mind at Rest,Penelope A. Lewis,3,St. Martin's Press,208.0,2013.0,2013.0,2018-11-18,,False
438,9781375011822,The No Plays of Japan,Arthur Waley,3,Pinnacle Press,,2017.0,1921.0,2018-11-18,,False
439,9781419113871,Confucian Analects,James Legge,3,Kessinger Publishing,156.0,2004.0,-429.0,2018-11-18,,False
440,9781536645194,Vegetables: A Biography,Evelyne Bloch-Dano,3,Audible Studios on Brilliance Audio,,2017.0,2008.0,2018-11-18,,False
441,9780267675586,Sappho: A New Rendering (Classic Reprint),Henry de Vere Stacpoole,3,Forgotten Books,78.0,2019.0,2013.0,2018-11-18,,False
442,9780804836951,The Tosa Diary,Ki no Tsurayuki,3,Tuttle Publishing,128.0,2005.0,935.0,2018-11-18,,False
443,9780262731430,The Origins of Music,Nils Lennart Wallin,5,MIT Press (MA),512.0,2001.0,1999.0,2018-11-18,,False
444,9781449565466,Les Misérables Volume One: Fantine,Victor Hugo,3,,,,1862.0,2018-11-18,,False
445,9780199207145,"People, Plants and Genes: The Story of Crops and Humanity",Denis J. Murphy,4,"Oxford University Press, USA",401.0,2007.0,2007.0,2018-11-18,,False
446,9781846140501,The Stuff of Thought: Language as a Window into Human Nature,Steven Pinker,4,Viking Books,499.0,2008.0,2007.0,2018-11-18,,False
447,9780198299783,Speak: A Short History of Languages,Tore Janson,4,"Oxford University Press, USA",272.0,2002.0,1997.0,2018-11-18,,False
448,9781374940468,Roman Farm Management: The Treatises of Cato and Varro,Marcus Porcius Cato,3,Pinnacle Press,,2017.0,-160.0,2018-11-18,,False
449,,The Elements of Geology,William Harmon Norton,3,,308.0,,1906.0,2018-11-18,,False
450,9780674278004,Experiments in Plant Hybridisation (Revised),Gregor Mendel,2,Harvard University Press,46.0,1965.0,1865.0,2018-11-18,,False
451,9781406939293,"Egyptian Tales, Translated from the Papyri First series, IVth to XIIth dynasty",William Matthew Flinders Petrie,2,Hard Press,50.0,2006.0,,2018-11-18,,False
452,,Of Peace of Mind,Seneca,2,,,,60.0,2018-11-18,,False
453,9780198712114,Translation: A Very Short Introduction,Matthew Reynolds,3,"Oxford University Press, USA",142.0,2016.0,,2018-11-18,,False
454,9780198725961,Agriculture: A Very Short Introduction,Paul Brassley,3,"Oxford University Press, USA",144.0,2016.0,2016.0,2018-11-18,,False
455,9780191620348,Sleep: A Very Short Introduction (Very Short Introductions),Steven W. Lockley,3,OUP Oxford,159.0,2012.0,2012.0,2018-11-18,,False
456,9780460002608,"Kalevala, The Land Of Heroes",William C. Kirby,1,,,,1835.0,2018-11-18,,False
457,9780190603397,Brain Wentk P,Gary Lee Wenk,4,OUP Us,192.0,2017.0,,2018-11-18,,False
458,9780217770293,Aino Folk-Tales,Basil Hall Chamberlain,3,General Books,48.0,2009.0,1888.0,2018-11-18,,False
459,9780674541511,Magic in the Ancient World,Fritz Graf,3,Harvard University Press,320.0,1998.0,1998.0,2018-11-18,,False
460,9784805308813,Japanese Fairy Tales,Yei Theodora Ozaki,3,Tuttle Publishing,256.0,2007.0,1903.0,2018-11-18,,False
461,,Maoriland Fairy Tales,Edith Howes,3,"Ward, Lock & Co.",244.0,1920.0,1913.0,2018-11-18,,False
462,9780674368392,Bee Time: Lessons from the Hive,Mark L. Winston,3,Harvard University Press,283.0,2014.0,2014.0,2018-11-18,,False
463,9780881924831,The Natural History Of Medicinal Plants,Judith Sumner,5,Timber Press (OR),,2000.0,2000.0,2018-11-18,,False
464,9780285643468,Beyond Words: What Animals Think and Feel,Carl Safina,5,Souvenir Press ,461.0,2016.0,2015.0,2018-11-18,,False
465,9781250085139,Inferno: A Doctor's Ebola Story,Steven Hatch,3,St. Martin's Press,320.0,2017.0,,2018-11-18,,False
466,9780399185618,NeuroTribes: The Legacy of Autism and the Future of Neurodiversity,Steve Silberman,4,Avery Publishing Group,560.0,2016.0,2015.0,2018-11-18,,True
467,9781442600607,"Sacred Violence: The European Crusades to the Middle East, 1095-1396",Jill N. Claster,4,University of Toronto Press,356.0,2009.0,2009.0,2018-11-18,,False
468,9789027292520,"In Translation - Reflections, Refractions, Transformations",Paul St-Pierre,4,John Benjamins Publishing Company,313.0,2007.0,2007.0,2018-11-18,,False
469,9780804128353,The Woman Who Would Be King: Hatshepsut's Rise to Power in Ancient Egypt,Kara Cooney,1,Random House Audio,,2014.0,2014.0,2018-11-18,,False
470,9781515955900,"Braiding Sweetgrass: Indigenous Wisdom, Scientific Knowledge and the Teachings of Plants",Robin Wall Kimmerer,1,Tantor Audio,,2016.0,2013.0,2018-11-18,,False
471,9781849735582,Evolution's Destiny,Robert J.P. Williams,2,Royal Society of Chemistry,344.0,2012.0,2012.0,2018-11-18,,False
472,9780195387070,Word Origins ... and How We Know Them: Etymology for Everyone,Anatoly Liberman,2,"Oxford University Press, USA",325.0,2009.0,2005.0,2018-11-18,,False
473,9780521695367,An Introduction to Shamanism,Thomas A. DuBois,1,Cambridge University Press,317.0,2009.0,2009.0,2018-11-18,,False
474,9781848855564,Death: Antiquity and Its Legacy,Mario Erasmo,1,I.B. Tauris,200.0,2019.0,2012.0,2018-11-18,,False
475,9781419702754,Julia's Cats: Julia Child's Life in the Company of Cats,Patricia Barey,3,Harry N. Abrams,145.0,2012.0,2012.0,2018-11-18,,False
476,9781578050994,Nature's Operating Instructions: The True Biotechnologies,Kenny Ausubel,3,Sierra Club Books,256.0,2004.0,2004.0,2018-11-18,,False
477,9780316154697,Let's Explore Diabetes with Owls,David Sedaris,2,"Little, Brown and Company",275.0,2013.0,2013.0,2018-11-18,,False
478,9781884214493,The Last Question,Isaac Asimov,2,Ziggurat Productions,9.0,2007.0,1956.0,2018-11-18,,False
479,9780380730391,The Golden Apples of the Sun,Ray Bradbury,2,William Morrow,338.0,1997.0,1953.0,2018-11-18,,False
480,9780140250916,The Coming Plague: Newly Emerging Diseases in a World Out of Balance,Laurie Garrett,4,Penguin Books,750.0,1995.0,1994.0,2018-11-18,,False
481,9780785819110,The Origin of Species,Charles Darwin,4,Castle Books,703.0,2004.0,1859.0,2018-11-18,,False
482,9780142437230,Don Quixote,Miguel de Cervantes Saavedra,3,Penguin Classics,1023.0,2003.0,1605.0,2018-11-18,,False
483,9780143119784,"Tinker, Tailor, Soldier, Spy",John le Carré,1,Penguin Books,381.0,2011.0,1974.0,2018-11-18,,False
484,9780140449273,The Symposium,Plato,3,Penguin Books,131.0,2003.0,-385.0,2018-11-18,,False
485,9780553573619,My Point... And I Do Have One,Ellen DeGeneres,4,Bantam,211.0,1996.0,1995.0,2018-11-18,,False
486,9780140449082,The Histories,Herodotus,4,Penguin Books,716.0,2003.0,-450.0,2018-11-18,,False
487,9780345349576,A Distant Mirror:  The Calamitous 14th Century,Barbara W. Tuchman,3,Random House Trade,677.0,1987.0,1978.0,2018-11-18,,False
488,9780140440393,History of the Peloponnesian War,Thucydides,4,Penguin Books,648.0,1972.0,-411.0,2018-11-18,,False
489,9780099769811,What Am I Doing Here?,Bruce Chatwin,1,Vintage,,1998.0,1989.0,2018-11-18,,False
490,9780142437148,The Tale of Genji,Murasaki Shikibu,2,Penguin,1182.0,2003.0,1008.0,2018-11-18,,False
491,9780451529176,Middlemarch,George Eliot,1,Signet,904.0,2004.0,1871.0,2018-11-18,,False
492,9780140447385,The Saga of the Volsungs,Anonymous,5,Penguin Classics,145.0,1999.0,1275.0,2018-11-18,,False
493,9780345811363,Gratitude,Oliver Sacks,2,Knopf Canada,64.0,2015.0,2015.0,2018-11-18,,False
494,,When Breath Becomes Air,Paul Kalanithi,1,Random House,208.0,2016.0,2016.0,2018-11-18,,False
495,9781570623448,When Things Fall Apart: Heart Advice for Difficult Times,Pema Chödrön,3,Shambhala,160.0,2000.0,1996.0,2018-11-18,,False
496,9780446526562,The No Asshole Rule: Building a Civilized Workplace and Surviving One That Isn't,Robert I. Sutton,4,Business Plus,210.0,2007.0,2000.0,2018-11-18,,False
497,,Genghis Khan and the Making of the Modern World,Jack Weatherford,5,Broadway Books,352.0,2005.0,2004.0,2018-11-18,,False
498,9781681771342,The Story of Egypt: The Civilization that Shaped the World,Joann Fletcher,3,Pegasus Books,496.0,2016.0,2015.0,2018-11-18,,False
499,9780061730320,The Boy Who Harnessed the Wind: Creating Currents of Electricity and Hope,William Kamkwamba,5,William Morrow,270.0,2009.0,2009.0,2018-11-18,,False
500,9780300209471,Ever Yours: The Essential Letters,Vincent van Gogh,1,Yale University Press,784.0,2014.0,2014.0,2018-11-18,,False
501,9781101983904,The Human Superorganism: How the Microbiome Is Revolutionizing the Pursuit of a Healthy Life,Rodney Dietert,5,Dutton Books,352.0,2016.0,2016.0,2018-11-18,,False
502,9780674863217,Making Space: How the Brain Knows Where Things Are,Jennifer M. Groh,5,Belknap Press,256.0,2014.0,2014.0,2018-11-18,,False
503,9783319185811,"Perfectionism, Health, and Well-Being",Fuschia M Sirois,4,Springer,304.0,2015.0,2015.0,2018-11-18,,False
504,9780804800693,The Book of Tea,Kakuzō Okakura,3,Tuttle,133.0,1989.0,1906.0,2018-11-18,,False
505,9780975991473,"The Biology of Belief: Unleashing the Power of Consciousness, Matter and Miracles",Bruce H. Lipton,3,Mountain of Love,205.0,2005.0,2005.0,2018-11-18,,False
506,,Meteorology or Weather Explained,John Gordon M'Pherson,4,,126.0,2012.0,1905.0,2018-11-18,,False
507,9781340476731,"Collected Essays: Discourses, Biological and Geological",Thomas Henry Huxley,3,Sagwan Press,414.0,2015.0,,2018-11-18,,False
508,,22 Goblins [Illustrated],Arthur W. Ryder,2,MacMay22,98.0,,1917.0,2018-11-18,,False
509,9780199663224,Medieval Philosophy: A Very Short Introduction,John Marenbon,3,"Oxford University Press, USA",152.0,2016.0,2016.0,2018-11-18,,False
510,9780199682775,Coral Reefs: A Very Short Introduction,Charles Sheppard,3,"Oxford University Press, USA",144.0,2014.0,2014.0,2018-11-18,,False
511,9780199681686,Microbiology: A Very Short Introduction,Nicholas P. Money,3,"Oxford University Press, USA",144.0,2015.0,2014.0,2018-11-18,,False
512,9780198728269,Plate Tectonics: A Very Short Introduction,Péter Molnár,3,"Oxford University Press, USA",152.0,2015.0,2015.0,2018-11-18,,False
513,,Medieval Literature: A Very Short Introduction,Elaine M. Treharne,3,Oxford University Press,160.0,2015.0,2015.0,2018-11-18,,False
514,9780199688364,Learning: A Very Short Introduction,Mark Haselgrove,3,"Oxford University Press, USA",144.0,2016.0,,2018-11-18,,False
515,,Philosophy in the Islamic World: A Very Short Introduction (Very Short Introductions),Peter Adamson,3,OUP Oxford,152.0,2015.0,2015.0,2018-11-18,,False
516,9780199688784,Fungi: A Very Short Introduction,Nicholas P. Money,3,"Oxford University Press, USA",144.0,2016.0,2016.0,2018-11-18,,False
517,9780393244427,Flavor: The Science of Our Most Neglected Sense,Bob Holmes,3,W. W. Norton  Company,320.0,2017.0,2017.0,2018-11-18,,False
518,,Eskimo Folk-Tales,Knud Rasmussen,3,Public Domain Books,,2009.0,1921.0,2018-11-18,,False
519,9781152770836,Romances of Old Japan,Yei Theodora Ozaki,3,General Books,118.0,2010.0,2010.0,2018-11-18,,False
520,,Australian Legendary Tales Folk-Lore of the Noongahburrahs As Told To The Piccaninnies,K. Langloh Parker,3,,119.0,2017.0,,2018-11-18,,False
521,,Fairy Tales from Brazil How and Why Tales from Brazilian Folk-Lore,Elsie Spicer Eells,3,,244.0,,2002.0,2018-11-18,,False
522,9780582070264,The Formation of the English Common Law: Law and Society in England from the Norman Conquest to Magna Carta--The Medieval World Series--,John Hudson,3,Taylor & Francis,271.0,1996.0,1996.0,2018-11-18,,False
523,9780801450105,"The Beaver: Its Life and Impact, Second Edition",Dietland Müller-Schwarze,3,Comstock Publishing,216.0,2011.0,2011.0,2018-11-18,,False
524,9781400066124,Letter to My Daughter,Maya Angelou,4,Random House,166.0,2008.0,2008.0,2018-11-18,,False
525,9780760778265,Ideas That Shaped Mankind: A Concise History of Human Thought,Felipe Fernández-Armesto,3,Barnes & Noble Audio,88.0,1990.0,1990.0,2018-11-18,,False
526,9780812970067,Inferno (The Divine Comedy #1),Dante Alighieri,3,Modern Library,490.0,2003.0,1307.0,2018-11-18,,False
527,9780143038320,Before the Dawn: Recovering the Lost History of Our Ancestors,Nicholas J. Wade,3,Penguin ,314.0,2007.0,2006.0,2018-01-09,,False
528,9781400052172,The Immortal Life of Henrietta Lacks,Rebecca Skloot,1,Crown Publishing Group,370.0,2010.0,2010.0,2018-08-11,,False
529,9780486437354,My First Summer in the Sierra,John Muir,4,Dover Publications,160.0,2004.0,1911.0,2018-04-20,,False
530,9781590302255,The Art of War,Sun Tzu,2,Shambhala,273.0,2005.0,-500.0,2018-08-11,,False
531,9780385350662,The Invention of Nature: Alexander von Humboldt's New World,Andrea Wulf,4,Knopf,473.0,2015.0,2015.0,2018-01-03,,False
532,9781845204303,Beans: A History,Ken Albala,4,Bloomsbury Academic,256.0,2007.0,2007.0,2018-04-27,,False
533,9781101874936,Lab Girl,Hope Jahren,2,Knopf,290.0,2016.0,2016.0,2018-04-20,,False
534,9780691058870,"The Horse, the Wheel, and Language: How Bronze-Age Riders from the Eurasian Steppes Shaped the Modern World",David W. Anthony,5,Princeton University Press,568.0,2007.0,2007.0,2018-01-03,,True
535,9780141183534,A Room of One's Own,Virginia Woolf,3,Penguin Books,112.0,2000.0,1929.0,2018-08-11,,False
536,9780937832387,The Prince,Niccolò Machiavelli,2,Dante University of America Press,140.0,2003.0,1513.0,2018-08-11,,False
537,9780674026797,A Reef in Time: The Great Barrier Reef from Beginning to End,J.E.N. Veron,4,Belknap Press,289.0,2008.0,2008.0,2018-01-03,,False
538,9780062363602,Hidden Figures,Margot Lee Shetterly,3,William Morrow Paperbacks,368.0,2016.0,2016.0,2018-08-11,,False
539,9780446585026,Seriously... I'm Kidding,Ellen DeGeneres,3,Grand Central Publishing,241.0,2011.0,2011.0,2018-05-19,,False
540,9780674057579,Field Notes on Science & Nature,Michael R. Canfield,2,Harvard University Press,297.0,2011.0,2011.0,2018-08-11,,False
541,9781565126060,The Sound of a Wild Snail Eating,Elisabeth Tova Bailey,1,Algonquin Books,170.0,2010.0,2010.0,2018-04-20,,False
542,9781476755526,"The Reason for Flowers: Their History, Culture, Biology, and How They Change Our Lives",Stephen Buchmann,2,Scribner,352.0,2015.0,2015.0,2018-01-21,,False
543,9780307352149,Quiet: The Power of Introverts in a World That Can't Stop Talking,Susan Cain,4,"Crown Publishing Group/Random House, Inc.",333.0,2012.0,2012.0,2018-05-16,,True
544,9780199539543,Plant Behaviour and Intelligence,Anthony J. Trewavas,5,"Oxford University Press, USA",291.0,2014.0,2014.0,2018-01-03,,True
545,9780465055999,"The Triumph of Seeds: How Grains, Nuts, Kernels, Pulses, and Pips Conquered the Plant Kingdom and Shaped Human History",Thor Hanson,5,Basic Books,277.0,2015.0,2015.0,2018-01-03,,True
546,9780465027828,Animal Architects: Building and the Evolution of Intelligence,James L. Gould,5,Basic Books (AZ),324.0,2007.0,2007.0,2018-01-03,,False
547,9781250048370,A Sting in the Tale: My Adventures with Bumblebees,Dave Goulson,4,Picador,288.0,2014.0,2013.0,2018-01-11,,False
548,9780465013623,Catching Fire: How Cooking Made Us Human,Richard W. Wrangham,5,Basic Books,309.0,2009.0,2009.0,2018-01-03,,True
549,9780307907417,"The Story of the Human Body: Evolution, Health, and Disease",Daniel E. Lieberman,5,Vintage,480.0,2013.0,2013.0,2018-01-03,,False
550,9780393062496,Whistling Vivaldi: And Other Clues to How Stereotypes Affect Us,Claude M. Steele,5,W. W. Norton & Company,242.0,2010.0,2010.0,2018-01-03,,True
551,9780393355642,"""What Do You Care What Other People Think?"": Further Adventures of a Curious Character",Richard P. Feynman,1,W. W. Norton  Company,288.0,2018.0,1988.0,2018-08-11,,False
552,9780500281338,Breaking the Maya Code,Michael D. Coe,5,Thames  Hudson,304.0,1999.0,1992.0,2018-01-03,,False
553,9781632863690,The Most Perfect Thing: Inside and Outside a Bird's Egg,Tim Birkhead,3,Bloomsbury USA,304.0,2016.0,2016.0,2018-01-03,,False
554,9780393239973,The Cabaret of Plants: Forty Thousand Years of Plant Life and the Human Imagination,Richard Mabey,3,W. W. Norton  Company,384.0,2016.0,2016.0,2018-01-21,,False
555,9780393339758,The Shallows: What the Internet Is Doing to Our Brains,Nicholas Carr,4,W. W. Norton  Company,280.0,2011.0,2010.0,2018-01-03,,False
556,9781416507789,The Cuckoo's Egg: Tracking a Spy Through the Maze of Computer Espionage,Clifford Stoll,4,Gallery Books,399.0,2005.0,1989.0,2018-05-12,,False
557,9780847832408,Glow in the Dark,Kanye West,5,Rizzoli,288.0,2009.0,2009.0,2018-01-03,,True
558,9781546733492,"Journeys in Persia and Kurdistan, Volume 1 (of 2)",Isabella Lucy Bird,1,Createspace Independent Publishing Platform,254.0,2017.0,2004.0,2018-08-06,,False
559,9780676979787,Musicophilia: Tales of Music and the Brain,Oliver Sacks,5,Knopf Canada,400.0,2007.0,2007.0,2018-05-12,,False
560,,The Emperor of All Maladies: A Biography of Cancer,Siddhartha Mukherjee,2,Scribner,571.0,2010.0,2010.0,2018-08-11,,False
561,9780393064964,Capturing Music: The Story of Notation,Thomas Forrest Kelly,5,W. W. Norton & Company,256.0,2014.0,2014.0,2018-01-03,,False
562,9780151014859,Remarkable Creatures: Epic Adventures in the Search for the Origin of Species,Sean B. Carroll,2,Houghton Mifflin Harcourt,331.0,2009.0,2006.0,2018-08-11,,False
563,9780521894975,Evolution of Sleep: Phylogenetic and Functional Perspectives,Patrick  McNamara,4,Cambridge University Press,277.0,2009.0,2009.0,2018-01-03,,False
564,9780060926946,Masters of Deception: The Gang That Ruled Cyberspace,Michelle Slatalla,5,Harper Perennial,240.0,1995.0,1995.0,2018-05-12,,False
565,9780002116138,Olduvai Gorge: My Search for Early Man,Mary Leakey,3,Collins,187.0,1979.0,1971.0,2018-01-09,,False
566,9781439198735,"Gifts of the Crow: How Perception, Emotion, and Thought Allow Smart Birds to Behave Like Humans",John M. Marzluff,5,Simon & Schuster,304.0,2012.0,2012.0,2018-01-03,,False
567,9780195388541,Your Brain on Food: How Chemicals Control Your Thoughts and Feelings,Gary L. Wenk,5,"Oxford University Press, USA",179.0,2010.0,2010.0,2018-01-03,,False
568,9780520269125,How Not to Be Eaten: The Insects Fight Back,Gilbert Waldbauer,5,University of California Press,240.0,2012.0,2012.0,2018-01-03,,False
569,9780190275013,A World from Dust: How the Periodic Table Shaped Life,Ben  McFarland,5,"Oxford University Press, USA",352.0,2016.0,,2018-01-03,,True
570,9781522666943,The Mystery of the Hanging Garden of Babylon: An Elusive World Wonder Traced,Stephanie Dalley,3,Audible Studios on Brilliance Audio,,2016.0,2013.0,2018-11-18,,False
571,9780674008274,"Songs, Roars, and Rituals: Communication in Birds, Mammals, and Other Animals",Lesley J. Rogers,5,Allen & Unwin Australia,224.0,2002.0,2000.0,2018-01-03,,False
572,9780674432741,In the Company of Mushrooms,Elio Schaechter,4,Harvard University Press,296.0,2014.0,1997.0,2018-11-18,,False
573,9780199732562,Mushroom,Nicholas P. Money,4,"Oxford University Press, USA",201.0,2011.0,2011.0,2018-11-18,,False
574,9781433822377,Cognitive Behavioral Therapy Techniques and Strategies,Amy Wenzel,4,American Psychological Association (APA),240.0,2016.0,,2018-11-18,,False
575,9780199361380,The Tears of Re: Beekeeping in Ancient Egypt,Gene Kritsky,3,"Oxford University Press, USA",133.0,2015.0,2015.0,2018-11-18,,False
576,9780198707899,Cheats and Deceits: How Animals and Plants Exploit and Mislead,Martin  Stevens,5,Oxford University Press,320.0,2016.0,2016.0,2018-11-18,,False
577,9780198719052,On the Scent: A Journey Through the Science of Smell,Paolo Pelosi,5,"Oxford University Press, USA",256.0,2016.0,2016.0,2018-11-18,,False
578,9786613278203,Deep History: The Architecture of Past and Present,Andrew Shryock,5,Milliken,360.0,2011.0,2011.0,2018-11-18,,False
579,9780300097214,Libraries in the Ancient World,Lionel Casson,4,Yale University Press,177.0,2002.0,2001.0,2018-01-09,,False
580,9781410490032,The Bad-Ass Librarians of Timbuktu,Joshua Hammer,2,Thorndike Press,430.0,2016.0,2016.0,2018-11-18,,False
581,9780812981650,Elephant Company: The Inspiring Story of an Unlikely Hero and the Animals Who Helped Him Save Lives in World War II,Vicki Constantine Croke,2,Random House Trade Paperbacks,368.0,2015.0,2014.0,2018-11-18,,False
582,9781476763262,Dark Territory: The Secret History of Cyber War,Fred Kaplan,1,Simon  Schuster,352.0,2017.0,2016.0,2018-11-18,,False
583,9781283097581,The Essential Naturalist: Timeless Readings in Natural History,Paul Kuykendall Dayton,1,University of Chicago Press,550.0,2011.0,2011.0,2018-11-18,,False
584,9781476789996,F*ck Feelings: One Shrink's Practical Advice for Managing All Life's Impossible Problems,Michael I. Bennett,1,Simon  Schuster,384.0,2015.0,2015.0,2018-11-18,,False
585,9781299966413,Making the Modern World: Materials and Dematerialization,Vaclav Smil,2,John Wiley & Sons,243.0,2014.0,2013.0,2018-11-18,,False
586,9780241253663,Landmarks,Robert Macfarlane,2,Hamish Hamilton,400.0,2015.0,2015.0,2018-11-18,,False
587,9780802777522,You Could Look It Up: The Reference Shelf from Ancient Babylon to Wikipedia,Jack Lynch,5,Bloomsbury Publishing PLC,453.0,2016.0,2015.0,2018-11-18,,False
588,9781681774497,The Classical World: The Foundations of the West and the Enduring Legacy of Antiquity,Nigel Spivey,3,Pegasus Books,368.0,2017.0,2016.0,2018-11-18,,False
589,9780547198484,The Homing Instinct: Meaning and Mystery in Animal Migration,Bernd Heinrich,3,Houghton Mifflin Harcourt,368.0,2014.0,2010.0,2018-01-21,,False
590,9780226508368,The History and Power of Writing,Henri-Jean Martin,4,University of Chicago Press,608.0,1995.0,1994.0,2018-11-18,,False
591,9780007584031,10% Human: How Your Body's Microbes Hold the Key to Health and Happiness,Alanna Collen,5,Not Avail,400.0,2015.0,2015.0,2018-11-18,,False
592,9780465028788,Feathers: The Evolution of a Natural Miracle,Thor Hanson,5,Basic Books,352.0,2012.0,2011.0,2018-11-18,,False
593,9781616201364,The Birds of Pandemonium,Michele Raffin,1,Algonquin Books,240.0,2014.0,2014.0,2018-01-03,,False
594,9780805080124,The Unfolding of Language: An Evolutionary Tour of Mankind's Greatest Invention,Guy Deutscher,5,Holt Paperbacks,368.0,2006.0,2005.0,2018-01-03,,True
595,9780571279319,Battling the Gods: Atheism in the Ancient World,Tim Whitmarsh,3,Faber & Faber,290.0,2017.0,2015.0,2018-11-18,,False
596,9780199679416,The Book: A Global History,Michael F. Suárez,4,"Oxford University Press, USA",748.0,2014.0,2013.0,2018-11-18,,False
597,9780345472328,Mindset: The New Psychology of Success,Carol S. Dweck,4,Ballantine Books,246.0,2007.0,2006.0,2018-11-18,,False
598,9781611800395,On the Path to Enlightenment: Heart Advice from the Great Tibetan Masters,Matthieu Ricard,3,Shambhala,384.0,2013.0,2010.0,2018-11-18,,False
599,9781573227179,Radiant Mind,Jean Smith,3,Riverhead Trade,368.0,1999.0,1999.0,2018-11-18,,False
600,9780283071706,The Last Rhinos: The Powerful Story of One Man's Battle to Save a Species,Lawrence Anthony,4,Pan MacMillan,320.0,2012.0,2012.0,2018-11-18,,False
601,9780312382155,Babylon's Ark: The Incredible Wartime Rescue of the Baghdad Zoo,Lawrence Anthony,4,St. Martin's Griffin,256.0,2008.0,2007.0,2018-11-18,,False
602,9781605988283,Papyrus: The Plant that Changed the World: From Ancient Egypt to Today's Water Wars,John Gaudet,4,Pegasus Books,272.0,2015.0,2014.0,2018-04-20,,False
603,9781283263955,The Way of Natural History,Thomas Lowe Fleischner,4,Trinity University Press,204.0,2011.0,2011.0,2018-11-18,,False
604,9781472910042,Herding Hemingway's Cats: Understanding how our genes work,Kat Arney,4,Bloomsbury Sigma,288.0,2016.0,2016.0,2018-01-03,,False
605,9781486287833,The Gifts of Imperfection: Let Go of Who You Think You're Supposed to Be and Embrace Who You Are,Brené Brown,4,Bolinda/Audible audio,,2015.0,2010.0,2018-11-18,,False
606,9781573228152,Beyond the Sky and the Earth: A Journey Into Bhutan,Jamie Zeppa,4,Riverhead Books,303.0,2000.0,1999.0,2018-11-18,,False
607,9781631492228,SPQR: A History of Ancient Rome,Mary Beard,4,Liveright,608.0,2016.0,2015.0,2018-11-18,,False
608,9780670026746,The Lagoon: How Aristotle Invented Science,Armand Marie Leroi,4,Viking,512.0,2014.0,2014.0,2018-11-18,,False
609,9780385353465,Maeve's Times: In Her Own Words,Maeve Binchy,3,Knopf,400.0,2014.0,2013.0,2018-11-18,,False
610,9781483003337,The Confidence Code: The Science and Art of Self-Assurance--What Women Should Know,Katty Kay,3,HarperCollins,,2014.0,2014.0,2018-11-18,,False
611,9780143122944,The Forest Unseen: A Year's Watch in Nature,David George Haskell,5,Penguin Books,288.0,2013.0,2012.0,2018-11-18,,False
612,9781594201486,The How of Happiness: A Scientific Approach to Getting the Life You Want,Sonja Lyubomirsky,5,"Penguin Press HC, The",384.0,2007.0,2007.0,2018-11-18,,False
613,9780517003930,Ideas and Opinions,Albert Einstein,5,Bonanza Books,377.0,1988.0,1954.0,2018-11-18,,False
614,9780671492076,Alan Turing : The Enigma,Andrew Hodges,3,Simon & Schuster,587.0,1983.0,1983.0,2018-11-18,,False
615,9781492377412,Crito,Plato,3,Createspace Independent Publishing Platform,36.0,2013.0,-360.0,2018-11-18,,False
616,9780140550849,The Art of Memory (Peregrine Books),Frances A. Yates,4,Penguin Books (Peregrine),448.0,1970.0,1966.0,2018-11-18,,False
617,9780141321011,King Arthur and His Knights of the Round Table,Roger Lancelyn Green,3,Puffin Books,416.0,2008.0,1953.0,2018-11-18,,False
618,9781847659705,Riddle of the Labyrinth: The Quest to Crack an Ancient Code and the Discovery of a Lost Civilisation,Margalit Fox,4,Not Avail,450.0,2014.0,2013.0,2018-11-18,,False
619,9780802115324,"Letters from Egypt: A Journey on the Nile, 1849-1850",Florence Nightingale,3,Grove/Atlantic,223.0,1992.0,1987.0,2018-11-18,,False
620,9781293989784,Travels in Alaska,John Muir,4,Scholar's Choice,372.0,2015.0,1915.0,2018-11-18,,False
621,9780007354771,The Upside Of Irrationality,Dan Ariely,4,HarperCollins,334.0,2010.0,2010.0,2018-11-18,,False
622,9781843444565,Three Men in a Boat,Jerome K. Jerome,3,Oldcastle Books,257.0,2015.0,1889.0,2018-11-18,,False
623,9780712624428,The Lycian Shore (Century Travellers),Freya Stark,3,Arrow Books Ltd,208.0,1989.0,1956.0,2018-11-18,,False
624,9780553290998,Nightfall,Isaac Asimov,4,Bantam Books,339.0,2012.0,1990.0,2018-11-18,,False
625,9781590173367,Original Letters from India,Eliza Fay,4,NYRB Classics,288.0,2010.0,1817.0,2018-11-18,,False
626,9781436264396,Travels with Myself and Another,Martha Gellhorn,4,Tarcher,304.0,2001.0,1979.0,2018-11-18,,False
627,9781549173806,Finders Keepers: A Tale of Archaeological Plunder and Obsession,Craig Childs,3,"Little, Brown & Company",,2018.0,2010.0,2018-11-18,,False
628,9781539403661,The Red House Mystery,A.A. Milne,2,Createspace Independent Publishing Platform,184.0,2016.0,1922.0,2018-11-18,,False
629,9781473214712,Good Omens,Terry Pratchett,5,Gollancz,432.0,2015.0,1990.0,2018-11-18,,False
630,9788935209323,The Honest Truth about Dishonesty,Dan Ariely,4,Cheongrim Publishing,344.0,2012.0,2012.0,2018-11-18,,False
631,9780396073208,"Come, Tell Me How You Live",Agatha Christie,4,,,,1946.0,2018-11-18,,False
632,9780007460687,The Grand Tour: Letters and photographs from the British Empire Expedition 1922,Agatha Christie,3,HarperCollins,384.0,2013.0,2012.0,2018-11-18,,False
634,9780739467350,"Guns, Germs, and Steel: The Fates of Human Societies",Jared Diamond,5,W.W. Norton & Company,425.0,2005.0,1997.0,2018-01-03,,True
637,9780374275631,"Thinking, Fast and Slow",Daniel Kahneman,4,"Farrar, Straus and Giroux",499.0,2011.0,2011.0,2018-10-01,,False
640,9780670023738,Rabid: A Cultural History of the World's Most Diabolical Virus,Bill Wasik,2,Viking,275.0,2012.0,2012.0,2018-08-27,,False
641,9780060931803,The Map That Changed the World,Simon Winchester,3,Harpperen,352.0,2002.0,2001.0,2018-08-31,,False
642,9780241257968,Reality is Not What it Seems: The Journey to Quantum Gravity,Carlo Rovelli,4,Allen Lane,256.0,2016.0,2014.0,2018-09-02,,False
643,9780393310788,The Roman Way,Edith Hamilton,3,W. W. Norton  Company,224.0,1993.0,1932.0,2018-09-08,,False
644,9780399184413,Seven Brief Lessons on Physics,Carlo Rovelli,2,Riverhead Books,81.0,2016.0,2014.0,2018-09-09,,False
646,9780691089775,The First Fossil Hunters: Paleontology In Greek And Roman Times,Adrienne Mayor,3,Princeton University Press,361.0,2001.0,2000.0,2018-08-11,,False
647,9780691162683,Silent Sparks: The Wondrous World of Fireflies,Sara    Lewis,3,Princeton University Press,240.0,2016.0,2016.0,2018-02-22,,False
648,9781400849932,The Extreme Life of the Sea,Stephen R. Palumbi,3,Princeton University Press,240.0,2014.0,2014.0,2018-01-09,,False
649,9780691166353,"Monarchs and Milkweed: A Migrating Butterfly, a Poisonous Plant, and Their Remarkable Story of Coevolution",Anurag Agrawal,3,Princeton University Press,283.0,2017.0,2017.0,2018-03-08,,False
650,9781613747186,Grandma Gatewood's Walk: The Inspiring Story of the Woman Who Saved the Appalachian Trail,Ben Montgomery,3,Chicago Review Press,288.0,2014.0,2014.0,2018-08-25,,False
651,9780525428305,The Templars: The Rise and Spectacular Fall of God's Holy Warriors,Dan Jones,2,Viking,448.0,2017.0,2017.0,2018-08-25,,False
652,9780393310771,The Greek Way,Edith Hamilton,2,W. W. Norton & Co,212.0,1993.0,1930.0,2018-07-30,,False
653,9781569472026,Moab Is My Washpot (Memoir #1),Stephen Fry,2,Soho Press,366.0,2003.0,1997.0,2018-01-28,,False
654,9780691001678,A Natural History of Shells,Geerat J. Vermeij,2,Princeton University Press,232.0,1995.0,1993.0,2018-04-01,,False
655,9780374712211,Venomous: How Earth's Deadliest Creatures Mastered Biochemistry,Christie Wilcox,4,"Scientific American / Farrar, Straus and Giroux",256.0,2016.0,2016.0,2018-02-03,,False
656,9780385543613,The Plant Messiah: Adventures in Search of the World's Rarest Species,Carlos Magdalena,3,Doubleday Books,262.0,2018.0,2018.0,2018-04-01,,False
657,9780743247696,Animals in Translation: Using the Mysteries of Autism to Decode Animal Behavior,Temple Grandin,3,Scribner,368.0,2004.0,2004.0,2018-08-17,,False
658,9780307266309,"Born to Run: A Hidden Tribe, Superathletes, and the Greatest Race the World Has Never Seen",Christopher McDougall,4,Knopf,287.0,2009.0,2009.0,2018-03-12,,False
659,9780812993547,Between the World and Me,Ta-Nehisi Coates,3,Spiegel & Grau,152.0,2015.0,2015.0,2018-01-03,,False
660,9781631493188,The Origins of Creativity,Edward O. Wilson,1,Liveright,256.0,2017.0,2017.0,2018-08-06,,False
661,9780385531085,How I Killed Pluto and Why It Had It Coming,Mike Brown,1,Spiegel & Grau,267.0,2010.0,2010.0,2018-06-27,,False
662,9780486275482,Medea,Euripides,1,Dover Publications,59.0,1993.0,-431.0,2018-01-27,,False
663,9780872206038,Lysistrata,Aristophanes,1,"Hackett Publishing Company, Inc.",132.0,2003.0,-411.0,2018-02-14,,False
664,,Thoughts on Art and Life,Leonardo da Vinci,1,,,,2009.0,2018-07-31,,False
665,9780192804631,Art Theory: A Very Short Introduction,Cynthia A. Freeland,1,Oxford University Press,184.0,2007.0,2003.0,2018-07-17,,False
666,9781869414238,Station Life In New Zealand,Lady Barker,1,Random House New Zealand,277.0,2000.0,1870.0,2018-07-21,,False
667,9780316338929,"Rise of the Rocket Girls: The Women Who Propelled Us, from Missiles to the Moon to Mars",Nathalia Holt,1,"Little, Brown and Company",338.0,2016.0,2016.0,2018-02-10,,False
668,9780140449334,Meditations,Marcus Aurelius,2,Penguin Books,303.0,2006.0,180.0,2018-02-20,,False
669,9781421266237,How to Listen to Music: Hints and Suggestions to Untaught Lovers of the Art,Henry Edward Krehbiel,1,Adamant Media Corporation,383.0,2005.0,1976.0,2018-02-17,,False
670,9780929524108,Hippolytus,Euripides,1,"Bryn Mawr Commentaries, Inc.",108.0,2001.0,-428.0,2018-02-06,,False
671,9780898758566,West African Folk Tales,William Henry Barker,1,University Press of the Pacific,232.0,2002.0,1972.0,2018-02-17,,False
672,9781580493888,"Antigone (The Theban Plays, #3)",Sophocles,1,Ingram,80.0,2005.0,-441.0,2018-02-14,,False
673,9780812989915,The Pope Who Would Be King: The Exile of Pius IX and the Emergence of Modern Europe,David I. Kertzer,1,Random House,512.0,2018.0,2018.0,2018-07-03,,False
674,9780679744726,The Fire Next Time,James Baldwin,1,Vintage,106.0,1992.0,1963.0,2018-08-17,,False
675,9780671637897,Kon-Tiki: Across the Pacific in a Raft,Thor Heyerdahl,2,Washington Square Press,240.0,1987.0,1948.0,2018-04-20,,False
676,9781622316007,StoryCorps: Outloud,Ari Shapiro,2,HighBridge Company,2.0,2015.0,2015.0,2018-08-01,,False
677,9780380810338,Feeling Good: The New Mood Therapy,David D. Burns,2,Harper,736.0,2008.0,1980.0,2018-08-05,,False
678,9781405918541,Spectacles,Sue  Perkins,2,Michael Joseph,377.0,2015.0,2015.0,2018-06-20,,False
679,9780199793396,This Mortal Coil: The Human Body in History and Culture,Fay Bound Alberti,2,"Oxford University Press, USA",304.0,2016.0,2016.0,2018-05-23,,False
680,9780857381101,The King's Speech: How One Man Saved the British Monarchy,Mark Logue,2,Quercus ,242.0,2010.0,2010.0,2018-07-27,,False
681,9780375935275,Of Thee I Sing: A Letter to My Daughters,Barack Obama,2,Knopf Books for Young Readers,40.0,2010.0,2010.0,2018-02-06,,False
682,9780061122415,The Alchemist,Paulo Coelho,2,HarperCollins,197.0,1993.0,1988.0,2018-01-28,,False
683,9780676975352,Salt: A World History,Mark Kurlansky,2,Vintage Canada,496.0,2002.0,2002.0,2018-04-20,,False
684,9780691175560,The World in a Book: Al-Nuwayri and the Islamic Encyclopedic Tradition,Elias Muhanna,2,Princeton University Press,232.0,2017.0,,2018-04-07,,False
685,9780544716940,A Crack in Creation: Gene Editing and the Unthinkable Power to Control Evolution,Jennifer A. Doudna,3,Houghton Mifflin Harcourt,304.0,2017.0,2017.0,2018-02-24,,False
686,9781443442312,Grit,Angela Duckworth,3,Collins,277.0,2016.0,2016.0,2018-05-15,,False
687,9780300187519,Ginkgo: The Tree That Time Forgot,Peter Crane,4,Yale University Press,408.0,2013.0,2013.0,2018-04-20,,False
688,9780312257378,"Narrative of the Life of Frederick Douglass: An American Slave, Written by Himself",Frederick Douglass,3,Bedford Books,188.0,2002.0,1845.0,2018-02-17,,False
689,9780307237699,The Audacity of Hope: Thoughts on Reclaiming the American Dream,Barack Obama,3,Crown,375.0,2006.0,2006.0,2018-05-13,,False
690,9781501161155,"Lessons From Lucy: The Simple Joys of an Old, Happy Dog",Dave Barry,2,Simon  Schuster,240.0,2019.0,2018.0,2018-07-21,,False
694,9780062368591,I Contain Multitudes: The Microbes Within Us and a Grander View of Life,Ed Yong,3,Ecco,368.0,2016.0,2016.0,2018-08-22,,False
696,9781250141927,Recovery: Freedom from Our Addictions,Russell Brand,1,Henry Holt & Company,288.0,2017.0,2017.0,2018-04-07,,False
697,9780857521224,A Slip of the Keyboard: Collected Non-Fiction,Terry Pratchett,1,Doubleday,315.0,2014.0,2014.0,2018-06-10,,False
698,9781444734140,Is It Just Me?,Miranda Hart,1,Hodder & Stoughton,323.0,2012.0,2012.0,2018-06-21,,False
699,9780393355475,Storm in a Teacup: The Physics of Everyday Life,Helen Czerski,3,W. W. Norton  Company,288.0,2018.0,2017.0,2018-06-02,,False
700,9780691167428,The Serengeti Rules: The Quest to Discover How Life Works and Why It Matters,Sean B. Carroll,3,Princeton University Press,280.0,2016.0,2016.0,2018-02-22,,False
701,9780199569700,The Planet in a Pebble: A Journey Into Earth's Deep History,Jan Zalasiewicz,5,"Oxford University Press, USA",234.0,2010.0,2010.0,2018-02-03,,True
702,9780198784937,Oxygen: The Molecule That Made the World,Nick Lane,5,"Oxford University Press, USA",384.0,2016.0,2002.0,2018-03-20,,False
703,9780008104665,The Wood for the Trees: The Long View of Nature from a Small Wood,Richard Fortey,5,William Collins,320.0,2016.0,2016.0,2018-04-27,,False
704,9780857521453,Meadowland: The Private Life of an English Field,John Lewis-Stempel,2,Doubleday,293.0,2014.0,2014.0,2018-03-02,,False
705,9781501144318,Why We Sleep: Unlocking the Power of Sleep and Dreams,Matthew Walker,5,Scribner,368.0,2017.0,2017.0,2018-04-28,,True
706,9780525954828,"The Big Picture: On the Origins of Life, Meaning, and the Universe Itself",Sean Carroll,2,Dutton,480.0,2016.0,2016.0,2018-03-29,,False
707,9780199641017,What Is Life?: How Chemistry Becomes Biology,Addy Pross,2,"Oxford University Press, USA",200.0,2012.0,2012.0,2018-03-02,,False
708,,Deadly Companions: How Microbes Shaped our History (Oxford Landmark Science),Dorothy H. Crawford,2,OUP Oxford,288.0,2018.0,2007.0,2018-05-20,,False
709,9780393352979,"The Vital Question: Energy, Evolution, and the Origins of Complex Life",Nick Lane,5,W. W. Norton  Company,368.0,2016.0,2015.0,2018-02-22,,False
710,9780199941315,The Amoeba in the Room: Lives of the Microbes,Nicholas P. Money,3,"Oxford University Press, USA",220.0,2014.0,2014.0,2018-01-03,,False
711,9781633881525,The Mysterious World of the Human Genome,Frank   Ryan,5,Prometheus Books,300.0,2016.0,2015.0,2018-01-03,,False
712,,The Epigenetics Revolution,Nessa Carey,4,,320.0,,2011.0,2018-01-21,,False
713,9781476795997,Being a Dog: Following the Dog Into a World of Smell,Alexandra Horowitz,3,Scribner,336.0,2016.0,2016.0,2018-05-19,,False
714,9780393353662,Are We Smart Enough to Know How Smart Animals Are?,Frans de Waal,5,W. W. Norton  Company,275.0,2017.0,2016.0,2018-07-05,,True
715,9780465031016,Cat Sense: How the New Feline Science Can Make You a Better Friend to Your Pet,John   Bradshaw,3,Basic Books,307.0,2013.0,2013.0,2018-06-28,,False
716,9781250065889,A Buzz in the Meadow: The Natural History of a French Farm,Dave Goulson,4,Picador,288.0,2015.0,2014.0,2018-01-21,,False
717,9780060957377,Winter World: The Ingenuity of Animal Survival,Bernd Heinrich,5,Harpperen,368.0,2003.0,2003.0,2018-01-03,,False
718,9781455513222,Seeds of Hope: Wisdom and Wonder from the World of Plants,Jane Goodall,3,Grand Central Publishing,370.0,2013.0,2013.0,2018-04-20,,False
719,9781771642484,"The Hidden Life of Trees: What They Feel, How They Communicate – Discoveries from a Secret World",Peter Wohlleben,3,Greystone Books,288.0,2016.0,2015.0,2018-04-20,,False
720,9780525427520,The Songs of Trees: Stories from Nature's Great Connectors,David George Haskell,2,Viking,304.0,2017.0,2017.0,2018-03-11,,False
721,9780198798323,The Emerald Planet: How Plants Changed Earth's History,David Beerling,5,"Oxford University Press, USA",416.0,2017.0,2007.0,2018-04-13,,False
722,9780870714993,Gathering Moss: A Natural and Cultural History of Mosses,Robin Wall Kimmerer,3,Oregon State University Press,168.0,2003.0,2003.0,2018-01-09,,False
723,9780226264707,Plant Communication and Information Sensing,Richard Karban,3,University Of Chicago Press,240.0,2015.0,2015.0,2018-02-20,,False
724,9780374288730,What a Plant Knows: A Field Guide to the Senses,Daniel Chamovitz,5,"Scientific American / Farrar, Straus and Giroux",177.0,2012.0,2012.0,2018-01-03,,True
725,9780231159104,Neurogastronomy: How the Brain Creates Flavor and Why It Matters,Gordon M. Shepherd,4,Columbia University Press,288.0,2011.0,2011.0,2018-01-03,,False
726,9781405811644,Violence in Medieval Europe,Warren C. Brown,5,Routledge,328.0,2010.0,2010.0,2018-02-04,,False
727,9780190625696,Raciolinguistics: How Language Shapes Our Ideas about Race,H. Samy Alim,5,"Oxford University Press, USA",376.0,2016.0,,2018-01-03,,True
728,9780762777563,How to Walk a Puma: And Other Things I Learned While Stumbling through South America,Peter Allison,3,Lyons Press,200.0,2011.0,2011.0,2018-08-11,,False
729,,The Brain: What Everyone Needs To Know®,Gary L. Wenk,5,Oxford University Press,191.0,2017.0,,2018-01-03,,False
730,9781400066117,Mom & Me & Mom,Maya Angelou,4,Random House,201.0,2013.0,2013.0,2018-01-03,,False
731,9780385349949,"Lean In: Women, Work, and the Will to Lead",Sheryl Sandberg,3,Knopf,217.0,2013.0,2013.0,2018-08-11,,False
732,9780195136241,Vanishing Voices: The Extinction of the World's Languages,Daniel Nettle,5,"Oxford University Press, USA",256.0,2000.0,2000.0,2018-01-03,,True
733,9781401301064,The World According to Mister Rogers: Important Things to Remember,Fred Rogers,4,Hachette Books,198.0,2003.0,2003.0,2018-05-19,,False
734,9780198718659,Once Upon a Time: A Short History of Fairy Tale,Marina Warner,4,Oxford University Press,201.0,2014.0,2014.0,2018-01-03,,False
735,9780345371980,Last Chance to See,Douglas Adams,5,Ballantine Books,256.0,1992.0,1990.0,2018-04-20,,False
736,9780198500650,The Evolution of Plants,K.J. Willis,4,"Oxford University Press, USA",378.0,2002.0,2002.0,2018-01-03,,False
737,9780195123753,"Music, Language, and the Brain",Aniruddh D. Patel,4,"Oxford University Press, USA",528.0,2007.0,2007.0,2018-05-28,,False
738,,"So, Anyway...",John Cleese,4,Crown Archetype,400.0,2014.0,2014.0,2018-01-03,,False
739,9780143038252,Three Cups of Tea: One Man's Mission to Promote Peace ... One School at a Time,Greg Mortenson,1,Penguin ,349.0,2007.0,2006.0,2018-04-20,,False
740,9781280909610,A Movable Feast: Ten Millennia of Food Globalization,Kenneth F. Kiple,4,Cambridge University Press,368.0,2010.0,2007.0,2018-01-03,,False
741,,The Hawaiian Archipelago,Isabella Lucy Bird,4,,286.0,,1875.0,2018-07-07,,False
742,9781885211576,Unbeaten Tracks in Japan,Isabella Lucy Bird,4,Travelers' Tales,400.0,2000.0,1885.0,2018-05-30,,False
743,9781438508887,Among the Tibetans,Isabella Lucy Bird,3,Book Jungle,72.0,2009.0,1894.0,2018-05-22,,False
744,9780806113289,A Lady's Life in the Rocky Mountains,Isabella Lucy Bird,4,University of Oklahoma Press,282.0,1975.0,1879.0,2018-05-05,,False
745,9781405204262,The Tao of Pooh,Benjamin Hoff,5,Egmont Books,176.0,2003.0,1982.0,2018-08-09,,True
746,9780307957245,Hallucinations,Oliver Sacks,3,Knopf,326.0,2012.0,2012.0,2018-06-17,,False
747,9780385352567,The River of Consciousness,Oliver Sacks,3,Knopf Publishing Group,256.0,2017.0,2017.0,2018-05-16,,False
748,9780307377333,Incognito: The Secret Lives of the Brain,David Eagleman,5,Pantheon,290.0,2011.0,2011.0,2018-02-25,,True
749,9780199914012,Plants and the Human Brain,David O. Kennedy,5,"Oxford University Press, USA",400.0,2014.0,2013.0,2018-01-03,,True
750,9780199211425,Personality: What Makes You the Way You Are,Daniel Nettle,5,"Oxford University Press, USA",298.0,2007.0,2007.0,2018-02-24,,True
751,9780691143675,The Dead Sea Scrolls: A Biography,John J. Collins,2,Princeton University Press,288.0,2012.0,2012.0,2018-04-01,,False
752,9781681776484,The Family Medici: The Hidden History of the Medici Dynasty,Mary  Hollingsworth,2,Pegasus Books,528.0,2018.0,2017.0,2018-04-12,,False
753,9780751529814,Tuesdays with Morrie,Mitch Albom,1,Warner,210.0,2000.0,1997.0,2018-04-29,,False
754,9780553380170,Wouldn't Take Nothing for My Journey Now,Maya Angelou,4,Bantam,127.0,1997.0,1993.0,2018-05-28,,True
755,9780393355628,"""Surely You're Joking, Mr. Feynman!"": Adventures of a Curious Character",Richard P. Feynman,2,W. W. Norton  Company,400.0,2018.0,1985.0,2018-08-11,,False
756,9780989794800,Twelve Years a Slave,Solomon Northup,3,Eakin Films & Publishing,363.0,2013.0,1853.0,2018-01-27,,False
757,9780224097000,H is for Hawk,Helen Macdonald,1,Jonathan Cape,300.0,2014.0,2014.0,2018-04-01,,False
758,9780553279375,"I Know Why the Caged Bird Sings (Maya Angelou's Autobiography, #1)",Maya Angelou,4,Bantam Books,289.0,1993.0,1969.0,2018-01-21,,False
759,9781400069255,Second Suns: Two Doctors and Their Amazing Quest to Restore Sight and Save Lives,David Oliver Relin,4,Random House,432.0,2013.0,2013.0,2018-07-24,,False
760,9780393352986,The Dream of Reason: A History of Western Philosophy from the Greeks to the Renaissance,Anthony Gottlieb,2,W. W. Norton  Company,512.0,2016.0,2000.0,2018-06-07,,False
761,9780679772897,Thinking in Pictures: My Life with Autism,Temple Grandin,5,Vintage,240.0,2006.0,1995.0,2018-08-08,,True
762,9781473632004,"Cheer Up, Love: Adventures in Depression with the Crab of Hate",Susan Calman,3,Two Roads,262.0,2016.0,2016.0,2018-06-20,,False
763,9780399185045,The Book of Joy: Lasting Happiness in a Changing World,Dalai Lama XIV,2,Avery,354.0,2016.0,2016.0,2018-08-12,,False
764,,The Etymologicon: A Circular Stroll through the Hidden Connections of the English Language,Mark Forsyth,1,Icon Books,252.0,2011.0,2011.0,2018-02-04,,False
765,9780198238577,Linguistic Diversity,Daniel Nettle,4,OUP Oxford,184.0,1999.0,1999.0,2018-02-24,,False
766,9780615129532,"Plants, People and Culture",Michael J. Balick,3,NYBG,228.0,2005.0,1996.0,2018-04-20,,False
767,9780465059942,How We Talk: The Inner Workings of Conversation,N.J. Enfield,5,Basic Books,257.0,2017.0,2017.0,2018-06-30,,True
768,9780525427575,"Enlightenment Now: The Case for Reason, Science, Humanism, and Progress",Steven Pinker,3,Viking,576.0,2018.0,2018.0,2018-07-14,,False
769,9780199582945,"Signals: Evolution, Learning, & Information",Brian Skyrms,3,"Oxford University Press, USA",199.0,2010.0,2010.0,2018-04-27,,False
770,9781422143568,Winning the Story Wars: Why Those Who Tell (and Live) the Best Stories Will Rule the Future,Jonah Sachs,2,Harvard Business Review Press,288.0,2012.0,2012.0,2018-08-02,,False
